tsukiaya,15.3k,653,1,https://www.instagram.com/tsukiaya_/
ã‚ã‚,30.9k,492,1,https://www.instagram.com/r_97_next/
ã‚†ã™ã‚™,"8,662",286,1,https://www.instagram.com/___citron/
wacco,"4,330",500,1,https://www.instagram.com/wacco_licca/
æ ¼å®‰ãƒã‚¤ãƒ«ãƒãƒƒãƒ•ã‚šè²©å£²ğŸ¥€yuuuu,61k,845,1,https://www.instagram.com/nail_yuuuu/
yuyu,"5,386",120,1,https://www.instagram.com/217ymt/
coko.tokyo,82.1k,852,2,https://www.instagram.com/coko.tokyo/
ã²ã‚™ã™ã“,151k,498,1,https://www.instagram.com/na56482n/
c..c,"7,499",637,1,https://www.instagram.com/yy.kh.yy/
ğ¾ğ‘ğ‘§ğ‘¢ğ‘šğ‘–,102k,858,1,https://www.instagram.com/kazumint20/
ä¹ƒæ„›,16.4k,63,1,https://www.instagram.com/noa_1883/
ã¿ã•ã¨,171k,"1,633",1,https://www.instagram.com/minminmaaa/
eLLa_Yoko  YOKO MATSUNAGA,24.2k,728,1,https://www.instagram.com/yoko19780412/
ğ“‡¼ Y U L I A,38.1k,559,1,https://www.instagram.com/___yuliaxx/
é’å±±æå¥ˆ,10.4k,"1,300",1,https://www.instagram.com/anna19000205/
aoiikegaya,15.6k,"1,609",1,https://www.instagram.com/aoiikegaya/
michillï¼ˆãƒŸãƒãƒ«ï¼‰,666k,"4,399",1,https://www.instagram.com/michill_official/
ğ™° ğš¢ ğš ğš– ğš’,31.5k,267,1,https://www.instagram.com/__hysaym/
pivot door,172k,"1,365",1,https://www.instagram.com/pivot_door/
shikina819,"5,589","1,032",1,https://www.instagram.com/shikina819/
MARIE,63.5k,941,1,https://www.instagram.com/maaaa_rieee/
shino_430,117k,"1,126",1,https://www.instagram.com/shino_430/
Dressdoor,"4,956","1,282",1,https://www.instagram.com/dressdoor024/
mi,55.8k,403,1,https://www.instagram.com/_____mi1213/
Kyoko,19.5k,"1,276",1,https://www.instagram.com/kyocoococ/
æ²³ï¨‘ã¿ãƒ¼ãª,37.3k,445,1,https://www.instagram.com/minakawasaki/
ãƒãƒ‹ãƒ¼ã‚ºå…¬å¼,405k,"3,141",1,https://www.instagram.com/honeysofficial/
ğ‘¬ ğ’“ ğ’Š ğ’Œ ğ’‚,296k,785,1,https://www.instagram.com/s__e0414/
ã‚†ãƒ¼ã™ã‘,56.8k,757,1,https://www.instagram.com/y__suke24/
æ–°ç”°ã•ã¡ã‹ Sachika Nitta,202k,558,2,https://www.instagram.com/chacch1/
memechan,38.7k,"1,060",1,https://www.instagram.com/memechan22/
æ²³ï¨‘ è‰å¥ˆ,71k,691,1,https://www.instagram.com/rinya5588/
S E C O,99k,"1,339",1,https://www.instagram.com/seco_days/
ã¿ãƒ¼ã‚„ã‚“ğŸ’•,134k,"2,113",1,https://www.instagram.com/mi_yan0101/
I'm ã¡ã‚‡ã“ã²ã‚™,98.2k,"1,414",1,https://www.instagram.com/cyocobi/
tarou,175k,585,1,https://www.instagram.com/taroumaru__/
deicy   me couture,117k,"7,077",1,https://www.instagram.com/deicy_official/
Ê á´œ Ê€ Éª,72.4k,388,1,https://www.instagram.com/0202hn_/
ğ‘¦ ğ‘ ğ‘›,"6,068",285,1,https://www.instagram.com/__yan.s/
yun,73.2k,"1,377",1,https://www.instagram.com/yun_wear/
ikumğŸ–¤,75.1k,"1,064",1,https://www.instagram.com/ikumama_/
LUCA,14.5k,399,1,https://www.instagram.com/__.l_u_c_a.__/
ä½ã€…æœ¨ ä¸‰å¥ˆ,"3,835",164,1,https://www.instagram.com/ssk__mnn/
ğ™ğ™ğ™£ğ™– ğ™’ğ™–ğ™©ğ™–ğ™£ğ™–ğ™—ğ™š,32.7k,435,1,https://www.instagram.com/rina_1021_/
fifth/ãƒ•ã‚£ãƒ•ã‚¹ã€€Online Store,899k,"5,892",1,https://www.instagram.com/fifth_store/
ğŸ· .. ğ–¾ğ—‹ğ—‚,10.4k,371,2,https://www.instagram.com/_____iil_/
aikoâ€¦â‹†*,123k,656,1,https://www.instagram.com/aiko.01234/
maira,"2,877",54,1,https://www.instagram.com/__maira.___/
æ·¡è‰²å¥³å­ official,73.5k,830,1,https://www.instagram.com/tanshoku.joshi_official/
yu,57.2k,"2,505",1,https://www.instagram.com/yu.rm/
æ¸…æ°´æ„›ç¾,122k,"1,478",1,https://www.instagram.com/manami_s0902/
Julia Castro,335k,"1,729",1,https://www.instagram.com/julia.c.0209/
MEâ€™VE the store ğŸ–ğŸ‘,53.3k,876,1,https://www.instagram.com/mevethestore/
shie,104k,"1,126",1,https://www.instagram.com/shiiii0125/
ã¾ãƒ¼ãµã‚™ã‚‹,"3,553",48,1,https://www.instagram.com/marble_6aporo/
KREX (ã‚±ãƒ¼ãƒ¬ãƒƒã‚¯ã‚¹),97.9k,"1,346",1,https://www.instagram.com/krex_official/
Cham. (#SAME),62.3k,279,1,https://www.instagram.com/cham.official_/
ç¥æˆ¸ãƒ¬ã‚¿ã‚¹ - ãƒ•ã‚šãƒãƒ•ã‚šãƒ©ãƒ•ã‚¡ãƒƒã‚·ãƒ§ãƒ³é€šè²© -,308k,"2,596",2,https://www.instagram.com/kobe_lettuce/
ã¨ã‚‚,"8,693",322,1,https://www.instagram.com/tmy___3/
ã—ã‚…ãªãŸã‚“,123k,"1,900",1,https://www.instagram.com/shunatan317/
Cheri(ã‚·ã‚§ãƒª),41.8k,"1,963",1,https://www.instagram.com/cheri_official_/
ãƒ¦ã‚¦,100k,979,1,https://www.instagram.com/aaxxy2/
michi.,111k,"1,689",1,https://www.instagram.com/3131_gram/
MIO,"2,489",53,1,https://www.instagram.com/ll43kk/
ãŠã•ã‚‹ğŸ’ğŸ“¸,23.6k,243,1,https://www.instagram.com/osaru_san_gram/
ãŸã„ã‹ã‚™,20k,574,1,https://www.instagram.com/weartiger0118/
ğğ ğš ğ€ğ²ğšğ§ğ¨,11.8k,816,1,https://www.instagram.com/___ayn.414/
ğ“‡¼Nonğ“‡¼*,67.6k,"1,198",1,https://www.instagram.com/non.1212/
KIRSH JAPAN OFFICIALğŸ’,38k,673,1,https://www.instagram.com/kirsh_girl_japan/
ã¦ã‚“ã›ã„,26.3k,409,1,https://www.instagram.com/ten__sei/
MUMU,352k,"1,203",1,https://www.instagram.com/mumudesukamumudesuyo/
Rin,"8,467",125,1,https://www.instagram.com/__20010701__/
seira,77.1k,228,1,https://www.instagram.com/serastagram29/
ã¯ã,"7,290",551,1,https://www.instagram.com/haku1022/
ğŸŒç„¡å®Ÿãã‚“,77.3k,460,1,https://www.instagram.com/mujitu_kun/
KEI,150k,"1,063",2,https://www.instagram.com/wear_kei/
wear.chicchimo,80.2k,820,1,https://www.instagram.com/wear.chicchimo/
mei,145k,"1,584",1,https://www.instagram.com/mei.5.7.des/
ã¾ã‚‹,244k,417,1,https://www.instagram.com/marumaru1530/
ğŸŒ¹ğ‘¨ğ’ğ’Š ğ‘¯ğ’Šğ’“ğ’‚ğ’ğ’,"2,652",414,1,https://www.instagram.com/___xxamigramxx/
ï¼ŠC'est Mignonï¼Š,355k,"1,148",1,https://www.instagram.com/cestmignon_mau/
spoon store,123k,917,2,https://www.instagram.com/spoon__store/
ã‚†ãƒ¼ã,15.4k,335,1,https://www.instagram.com/yuuk_wear/
akari,"2,148",561,1,https://www.instagram.com/chiba_chan_desu/
ğ’‰ğ’ğ’ğ’ğ’Œğ’‚,33.3k,422,1,https://www.instagram.com/hnpx/
â€AKIâ€,30k,474,1,https://www.instagram.com/aki_ingk/
á„†á…µá„Œá…³á„á…µmizuki,"9,060",341,1,https://www.instagram.com/mu_0117/
terashima risa,"5,789",845,1,https://www.instagram.com/_r__sa_/
ğ™†ğ˜¼ğ™‰ğ˜¼,"6,857",776,1,https://www.instagram.com/imkanaa/
( Â¨Ì® )ãˆ ãŸã‚™,387k,870,1,https://www.instagram.com/yuzutarosu9876/
kaori,"5,410","1,562",1,https://www.instagram.com/kaori926/
â€ªâ€ªâ¤ï¸â€¬Handmade by -ohana- â€ªâ€ªâ¤ï¸â€¬,33.6k,874,1,https://www.instagram.com/ohana_e.t/
ã‚¨ãƒ,18.4k,249,1,https://www.instagram.com/emmay0405/
miki,139k,"1,111",1,https://www.instagram.com/miki__072/
