ã‚¹ã‚­ãƒ³ãƒ©ãƒ›ã‚™official,947,268,7,https://www.instagram.com/skinlab.official_/
amaikumasan,3930,735,2,https://www.instagram.com/amaikumasan/
ã‚Šãƒ¼ã¬,1039,52,1,https://www.instagram.com/cosme___riem_o/
Higashiyama Saliy,20900,"3,970",1,https://www.instagram.com/saliy83/
Romi,68500,955,2,https://www.instagram.com/romi_1006/
ã“ã‚Šã¿ã‚“â™¡,2485,134,1,https://www.instagram.com/korimin_88/
YUCOSME / ã‚³ã‚¹ãƒ¡ãƒ»ãƒ¡ã‚¤ã‚¯ãƒ»ãƒ•ã‚šãƒãƒ•ã‚šãƒ©ã‚³ã‚¹ãƒ¡,92700,599,1,https://www.instagram.com/yu_cosme_/
misatoğŸ‡°ğŸ‡·éŸ“å›½ã‚³ã‚¹ãƒ¡â¤ï¸ã‚½ã‚¦ãƒ«è¡ŒããŸã„ç—…âœˆï¸,1050,442,2,https://www.instagram.com/misato03cosme/
ã¨ã¿ã‚Šãƒ¼,8848,182,1,https://www.instagram.com/tomilly101/
ğŸ’„ãƒ—ãƒ¬ã‚¼ãƒ³ãƒˆä¼ç”»å®Ÿæ–½ä¸­ğŸ’„ã‚³ã‚¹ãƒ¡æƒ…å ±-FORTUNE -,39700,"2,392",1,https://www.instagram.com/fortune_press/
Napoâ˜ºï¸,17800,"1,108",1,https://www.instagram.com/napotop401107/
keko,942,44,3,https://www.instagram.com/keko_blog/
ãƒŸãƒ¼ãƒ©ãƒœ    ã‚³ã‚¹ãƒ¡ï¼†ã‚¹ã‚­ãƒ³ã‚±ã‚¢æƒ…å ±,191000,556,1,https://www.instagram.com/mii_labo/
elety cosme ã‚³ã‚¹ãƒ¡ãƒ»ã‚¢ã‚¤ãƒ¡ã‚¤ã‚¯ç´¹ä»‹,11500,233,1,https://www.instagram.com/elety_cosme/
ãƒ¡ãƒ³ã‚¹ã‚™ãƒ¡ã‚¤ã‚¯/ãƒ¡ãƒ³ã‚¹ã‚™ã‚¹ã‚­ãƒ³ã‚±ã‚¢ Menk(ãƒ¡ãƒ³ã‚¯),10100,206,2,https://www.instagram.com/menk_inc/
corectyï¼ˆã‚³ãƒ¬ã‚¯ãƒ†ã‚£ï¼‰/ ã‚³ã‚¹ãƒ¡ãƒ»ç¾å®¹,250000,"1,474",1,https://www.instagram.com/corecty_net/
Sorry,2195,442,1,https://www.instagram.com/mell.nn.cosme/
hachikoï¼ˆã¯ã¡ã“ï¼‰,2643,162,1,https://www.instagram.com/kirakira_hachiko/
ã“ã¾ã¡ãƒ¡ã‚¤ã‚¯ã€œç¾äººã®ä½œã‚Šæ–¹ã€œ,61700,509,2,https://www.instagram.com/comachimake/
ã€å…¬å¼ã€‘éŸ“å›½ã‚³ã‚¹ãƒ¡ COSME Re:MAKE,5266,"1,066",1,https://www.instagram.com/cosme.remake/
camyu @éŸ“å›½(ã‚½ã‚¦ãƒ«/é‡œå±±)Travel Writer,43500,"1,099",1,https://www.instagram.com/camyu.kr/
ãƒ›ãƒ¼ãƒ ã¦ã‚™ãã‚Œã„ã€œãŠã†ã¡ç¾å®¹/ãŠã“ã‚‚ã‚Šç¾å®¹ã€œ,25300,301,3,https://www.instagram.com/homede_kirei/
ãƒã‚·ã‚™ã‚³â¤ï¸éŸ“å›½æƒ…å ±ãƒ»éŸ“å›½ã‚³ã‚¹ãƒ¡ãƒ¬ãƒ’ã‚™ãƒ¥ãƒ¼,6935,423,9,https://www.instagram.com/nojiko_korealove/
å‡›è¯.|ãƒã‚šãƒ¼ã‚½ãƒŠãƒ«ã‚«ãƒ©ãƒ¼Ã—ã‚³ã‚¹ãƒ¡,2614,102,1,https://www.instagram.com/riiin_chi/
éŸ“å›½æƒ…å ±ã‚µã‚¤ãƒˆ ãƒãƒ«ãƒãƒ«,156000,"1,075",1,https://www.instagram.com/haruharu_furyu/
ãƒ˜ã‚™ãƒªãƒ¼ãƒ |  ã‚³ã‚¹ãƒ¡ãƒ»ãƒ¡ã‚¤ã‚¯,24300,490,1,https://www.instagram.com/beliene_official/
æ™‚ç©ºã®æ­ªã¿ğŸŒéŸ“å›½ã‚³ã‚¹ãƒ¡å›³é‘‘,49700,777,1,https://www.instagram.com/jikuugayugamu/
å‰æ²¢ èœæœˆ/ã‚µãƒ­ãƒ³ãƒ¢ãƒ†ã‚™ãƒ«,9272,265,1,https://www.instagram.com/liliwwwilil/
ãªãªã“,1375,128,1,https://www.instagram.com/nana_ccnut/
Sorry,Sorry,Sorry,2,https://www.instagram.com/suno.beauty/
Sorry,Sorry,Sorry,2,https://www.instagram.com/thesaemcosmetic.japan/
Sorry,Sorry,Sorry,6,https://www.instagram.com/maiko_kaji/
Sorry,Sorry,Sorry,4,https://www.instagram.com/bm_krh/
Sorry,Sorry,Sorry,2,https://www.instagram.com/hana_maru_7/
Sorry,Sorry,Sorry,6,https://www.instagram.com/iona01918/
Sorry,Sorry,Sorry,2,https://www.instagram.com/bytheharu/
Sorry,Sorry,Sorry,1,https://www.instagram.com/cheru_joshi/
Sorry,Sorry,Sorry,7,https://www.instagram.com/kosme_jp/
Sorry,Sorry,Sorry,13,https://www.instagram.com/bibin_cosme/
Sorry,Sorry,Sorry,1,https://www.instagram.com/chihirosawa/
Sorry,Sorry,Sorry,2,https://www.instagram.com/ma.riiiii_____co/
