å¹£åŸã‚ã‚„ã®ï¼ˆAyanoShideharaï¼‰,14000,413,1,https://www.instagram.com/ayano_1220/
B.BOX,95800,"5,418",12,https://www.instagram.com/b.box2u/
ë°°í‹°,21900,662,3,https://www.instagram.com/hjchbj/
á„ƒá…µá„‹á…£,52300,810,3,https://www.instagram.com/oh_dya/
Sorry,7510,341,1,https://www.instagram.com/0904natsuka/
ChiÌ‰ baÌn Auth âœ¨,190000,"7,061",1,https://www.instagram.com/lamthaocosmetics/
ğ ğ¨ğ­ ğ²ğš ğğğ¬ğ¢ğ«ğšğ›ğ¥ğ ğ®ğ§ğ¢ğªğ®ğ ğ¬ğ­ğ®ğŸğŸ,15800,834,2,https://www.instagram.com/nana.skindiary/
ğŸ’–LUOÌ‚N UPDATE HAÌ€NG MOÌ›ÌIğŸ’–,41500,"1,744",1,https://www.instagram.com/wengwengshop_/
ë¹„ë¹„ì¥¬ makeviviju,114000,770,1,https://www.instagram.com/makeviviju/
yungmi,852,41,4,https://www.instagram.com/mm_yungmi/
ãƒ—ãƒãƒ—ãƒª,98000,397,1,https://www.instagram.com/pucipuri_furyu/
MAIKO / á„†á…¡á„‹á…µá„á…©,1585,544,2,https://www.instagram.com/maik0rea/
á„‰á…³á„á…¡á„‹á…µ007 á„€á…©á†¼á„‰á…µá†¨ á„‹á…µá†«á„‰á…³á„á…¡á„€á…³á„…á…¢á†·,26000,"1,272",2,https://www.instagram.com/sky007_official/
Parkie Shop,53300,"13,143",1,https://www.instagram.com/parkiegram/
ì‚ì•„ ê³µì‹ ì¸ìŠ¤íƒ€ê·¸ë¨,200000,"1,031",39,https://www.instagram.com/bbia.official/
THáº¾ GIá»šI SKINFOOD,223000,"1,100",3,https://www.instagram.com/the_gioi_skin_food/
ğ—† ğ—ˆ ğ—† ğ—ˆ ğ—„ ğ–º,34300,670,1,https://www.instagram.com/furumomo_t/
Pre-order Bbia Ver8 ğŸ–¤,46500,669,1,https://www.instagram.com/doodle.corner/
á„ƒá…§á†«,63500,876,2,https://www.instagram.com/ss.dyeon/
Emma CHOI ğŸ¦„,63400,970,1,https://www.instagram.com/emmachoi__/
Sky007.vn,18900,"2,795",3,https://www.instagram.com/sky007.vn/
ğŸ›store from MunğŸ‘‘,1719,175,1,https://www.instagram.com/munmun_homie/
Sorry,1196,64,1,https://www.instagram.com/2600ri/
á„‹á…µ á„€á…¡á„’á…´,573,26,1,https://www.instagram.com/beauhee__ty/
ğ•‹ğ•†ğ•„ğ•†ğ•„ğ•€ ãƒ•ã‚šãƒãƒ•ã‚šãƒ©ã‚³ã‚¹ãƒ¡,6050,145,1,https://www.instagram.com/cosme_momi/
à¸£à¹‰à¸²à¸™à¹€à¸£à¸²à¸¡à¸µà¹à¸•à¹ˆà¹„à¸­à¹€à¸—à¸¡à¹€à¸”à¹‡à¸”à¹†,306000,"24,079",1,https://www.instagram.com/yvescosmetic/
á„‹á…¢á„‡á…³á„‚á…²á„Œá…®á†«á„‹á…© á„‹á…²á„†á…µá†«á„‡á…®á„‹á…¯á†«á„Œá…¡á†¼ğŸ’›,6835,"1,269",1,https://www.instagram.com/ym0129/
å®‰æ© naomi,23100,258,1,https://www.instagram.com/naomi.901016/
æ™‚ç©ºã®æ­ªã¿ğŸŒéŸ“å›½ã‚³ã‚¹ãƒ¡å›³é‘‘,49700,777,3,https://www.instagram.com/jikuugayugamu/
kirin,38100,240,1,https://www.instagram.com/kirin_makeup/
í—® (Ryun_beauty),93100,"2,031",1,https://www.instagram.com/hr914/
ê°€ì„ë®¤íŠ¸ì†Œí”„íŠ¸ | ë®¤ì†Œ,32200,606,1,https://www.instagram.com/f_mutesoft/
WAKANA,3252,165,1,https://www.instagram.com/wkchan_2/
corectyï¼ˆã‚³ãƒ¬ã‚¯ãƒ†ã‚£ï¼‰/ ã‚³ã‚¹ãƒ¡ãƒ»ç¾å®¹,250000,"1,475",1,https://www.instagram.com/corecty_net/
