nana,32400,561,1,https://www.instagram.com/na.na1557/
é…’äº•ã€€ä¸‰åƒä¸–ã€'AXIS /  2F jr.2 / ç¾å®¹å¸«ã€‘,1050,286,1,https://www.instagram.com/____michiyo____/
Sorry,1080,145,1,https://www.instagram.com/shelly_sela/
ç¾å®¹ã‚³ã‚¹ãƒ¡æƒ…å ±ãƒ¡ãƒ‡ã‚£ã‚¢ | cosme LOAï¼ˆã‚³ã‚¹ãƒ¡ãƒ­ã‚¢ï¼‰,47600,229,2,https://www.instagram.com/cosme_loa/
MimiTV ã‚³ã‚¹ãƒ¡ / ãƒ¡ã‚¤ã‚¯ / ãƒ˜ã‚¢ã‚¢ãƒ¬ãƒ³ã‚·ã‚™,199000,"3,315",1,https://www.instagram.com/mimitv_official/
yurika uekiğŸ’‹,79100,556,1,https://www.instagram.com/y.makeup.u/
Romi,68500,957,2,https://www.instagram.com/romi_1006/
æ°´è¶Š ã¿ã•ã¨,101000,613,1,https://www.instagram.com/mitan.m/
ğŸ’„ãƒ—ãƒ¬ã‚¼ãƒ³ãƒˆä¼ç”»å®Ÿæ–½ä¸­ğŸ’„ã‚³ã‚¹ãƒ¡æƒ…å ±-FORTUNE -,39700,"2,393",1,https://www.instagram.com/fortune_press/
ğŸŒ¹ğŸŒ¿ ç™½å²©ã¾ã¡ã“ ğŸŒ¿ğŸŒ¹å¥³å­åŠ›UPã®ãŠæ‰‹ä¼ã„â™¡,67000,"2,512",1,https://www.instagram.com/machichas/
JOSHIME!!ã€ã‚·ã‚™ãƒ§ã‚·ãƒ¡ã€‘|ãƒ¡ã‚¤ã‚¯ãƒ»ã‚³ã‚¹ãƒ¡,21400,319,2,https://www.instagram.com/joshime_/
ĞœĞ°Ñ€Ğ³Ğ°Ğ´-Ğ­Ñ€Ğ´ÑĞ½Ñ,33500,121,1,https://www.instagram.com/maayaa412/
Cosme Dyï¼ˆã‚³ã‚¹ãƒ¡ãƒ†ã‚™ã‚£ï¼‰/ã‚³ã‚¹ãƒ¡ãƒ»ã‚¹ã‚­ãƒ³ã‚±ã‚¢,23300,202,1,https://www.instagram.com/cosmedy_jp/
ğŒğšğ²ğ®,3906,413,1,https://www.instagram.com/yumanyan_7266/
ã¿ã‚“ãğŸ¦™,9833,489,1,https://www.instagram.com/mink__88/
ã¿ã„ã¿ã„ğŸ’,1484,305,1,https://www.instagram.com/busamama.ttfay/
ebichan,92600,653,1,https://www.instagram.com/ebichan_nn_n/
ã‚³ãƒãƒ ãƒ©ã€€ãƒ¨ã‚¦ã‚³,1686,117,1,https://www.instagram.com/yoko_komamura/
Kremnitz White,8851,342,2,https://www.instagram.com/kremnitzwhite/
minami Tsukioka,2646,361,1,https://www.instagram.com/__minastagram__/
asakoâ—¡Ìˆâ‹†*,21900,839,1,https://www.instagram.com/asaren77/
chimi@å…ƒmii,26100,11,1,https://www.instagram.com/chimi_051/
SKieNa(ã‚¹ã‚­ãƒ¼ãƒŠ)     ã‚³ã‚¹ãƒ¡/ã‚¹ã‚­ãƒ³ã‚±ã‚¢,173000,522,1,https://www.instagram.com/skiena_care/
NANAMIğŸ¸ğŸ’‹YouTuberğŸ’»,43600,331,1,https://www.instagram.com/nanamin733/
æ„›,1214,42,1,https://www.instagram.com/a_i_s_1_6/
SarinağŸ¦‹,74300,394,1,https://www.instagram.com/sari_pink144/
YouCamãƒ¡ã‚¤ã‚¯,143000,"2,970",1,https://www.instagram.com/youcammake/
ğ‘ ğ‘˜ ğ‘ ğ‘Ÿ ğ‘–,7254,454,1,https://www.instagram.com/aoo____ao/
Satsuki Yutani / æ²¹è°·å½©æœˆ,1186,159,1,https://www.instagram.com/satsu_y/
ğ•’ğ•¤ğ•¦ğ•œğ•’ ğŸ’,2344,63,1,https://www.instagram.com/aaasu.0223/
ãƒ›ãƒ¼ãƒ ã¦ã‚™ãã‚Œã„ã€œãŠã†ã¡ç¾å®¹/ãŠã“ã‚‚ã‚Šç¾å®¹ã€œ,25400,302,1,https://www.instagram.com/homede_kirei/
ğ’ğšğœğ¡ğ¢  ã‚·ãƒ§ãƒ¼ãƒˆãƒ˜ã‚¢ğŸ¤ã‚ªãƒ¬ãƒ³ã‚·ã‚™ãƒ¡ã‚¤ã‚¯,1348,262,1,https://www.instagram.com/_sachi__25/
A Painting A Day,268000,"4,046",1,https://www.instagram.com/a_painting_a_day_/
ã‚„ ã¾ ãŸã‚™  ã‚ ã¿,8942,616,2,https://www.instagram.com/iam_amiyamada/
é¢æ¯›ç·¨é›†å®¤ï¼šç¾å¦ è­·è†š ä¿é¤Š,4589,51,1,https://www.instagram.com/mimo.magazine/
kokochi(ã‚³ã‚³ãƒ),182000,643,1,https://www.instagram.com/kokochi_official/
ã‚ã„ã™,8780,219,1,https://www.instagram.com/aisuchan_ss/
å¤§è°·æ˜ ç¾é‡Œ,147000,968,1,https://www.instagram.com/otani_emiri/
ã‹ãŠã‚Šã‚“ã‚Šã‚“@ç¾å®¹ãƒ©ã‚¤ã‚¿ãƒ¼,5150,203,1,https://www.instagram.com/kaorinrin0564/
ã®ã‚“ã•ã‚“ï¼ˆãƒ•ã‚šãƒãƒ•ã‚šãƒ©ã‚³ã‚¹ãƒ¡/ç¾å®¹ï¼‰,116000,460,1,https://www.instagram.com/honeycute01/
moi! ï¼ˆãƒ¢ã‚¤ï¼‰/ ã‚³ã‚¹ãƒ¡ãƒ»ã‚¹ã‚­ãƒ³ã‚±ã‚¢,14300,107,2,https://www.instagram.com/moi__life_/
ç†Šæ¾¤äºœé‡Œç´—ğŸ’„16ã‚¿ã‚¤ãƒ•ã‚šã‚«ãƒ©ãƒ¼è¨ºæ–­/ã‚¹ã‚¿ã‚¤ãƒ«è¨ºæ–­/é¡”ã‚¿ã‚¤ãƒ•ã‚š,17500,195,3,https://www.instagram.com/_arisa_212_/
ğšğ¦ğ²(ã‚¨ã‚¤ãƒŸãƒ¼) / ç¾å®¹ãƒ»ã‚³ã‚¹ãƒ¡,30900,248,3,https://www.instagram.com/amy__cosmetics/
ã‚»ã‚µã‚™ãƒ³ãƒŒåŒ–ç²§å“,242000,221,9,https://www.instagram.com/cezannecosmetics/
TRILLï¼»ãƒˆãƒªãƒ«ï¼½,170000,"1,200",1,https://www.instagram.com/trill/
cocon(ã“ã“ã‚“)/ãƒ•ã‚šãƒãƒ•ã‚šãƒ©ã‚³ã‚¹ãƒ¡ ãƒ¡ã‚¤ã‚¯ãƒ•ã‚šãƒ©ãƒ³ãƒŠãƒ¼,29800,920,3,https://www.instagram.com/cocon_makeup/
å…ƒç¾å®¹éƒ¨å“¡â„›â„â„›ğ’ª,820,31,1,https://www.instagram.com/rrr_beauty_rrr/
DAILY PRESENTSğŸæ¯æ—¥æŠ½é¸ãƒ—ãƒ¬ã‚¼ãƒ³ãƒˆğŸ’–,21500,553,3,https://www.instagram.com/dailypresents2019/
æ˜¥é‡ã†ã‚‰ã‚‰  Haruno Urara,807,67,1,https://www.instagram.com/harunourara_/
ã¿ã™ã‚™ã»ğŸ€,1283,29,1,https://www.instagram.com/mizu_ho0/
é®å·ç¾å¯¿ã€…/ã‚¹ã‚±/ãƒ˜ã‚¢ã‚¢ãƒ¬ãƒ³ã‚·ã‚™/ãƒ¡ã‚¤ã‚¯/WaysTOKYO,370,219,1,https://www.instagram.com/ways_sukehair/
BRGã€ãƒã‚™ã‚¹ãƒ«ãƒ¼ãƒ ã‚«ã‚™ãƒ¼ãƒ«ã€‘,150000,851,1,https://www.instagram.com/brg_magazine/
Maiko KanoğŸ¡ç‹©é‡èˆå­,87000,"1,324",1,https://www.instagram.com/kanochan715/
CUP EASELS,3072,122,1,https://www.instagram.com/cupeasels/
ãŸã,18600,50,1,https://www.instagram.com/taso.0922/
ã„ãã¿,1334,51,1,https://www.instagram.com/ikumi_wr_coffee/
angel,7340,7,1,https://www.instagram.com/angelinacrh/
corectyï¼ˆã‚³ãƒ¬ã‚¯ãƒ†ã‚£ï¼‰/ ã‚³ã‚¹ãƒ¡ãƒ»ç¾å®¹,250000,"1,475",8,https://www.instagram.com/corecty_net/
DINEÌTTE(ãƒ†ã‚™ã‚£ãƒãƒƒãƒˆ) ã‚³ã‚¹ãƒ¡/ã‚¹ã‚­ãƒ³ã‚±ã‚¢,216000,"1,420",4,https://www.instagram.com/dinette_inc/
mwnail.kt,11400,489,2,https://www.instagram.com/mwnail.kt/
Sorry,2168,136,1,https://www.instagram.com/a_darling_find/
ã¨ã¿ã‚Šãƒ¼,8852,183,1,https://www.instagram.com/tomilly101/
LaLa | ãƒ¡ã‚¤ã‚¯ã‚¢ãƒƒãƒ•ã‚šã‚³ãƒ³ã‚»ãƒ•ã‚šã‚¿ãƒ¼,192000,732,1,https://www.instagram.com/lalamakeup_official/
SAKI,26400,884,2,https://www.instagram.com/sakiiiii20/
Arisaâ™¡ãƒ¡ã‚¤ã‚¯ãƒ»ã‚¹ã‚­ãƒ³ã‚±ã‚¢ã‚¢ãƒˆã‚™ãƒã‚™ã‚¤ã‚µã‚™ãƒ¼,48700,"1,287",2,https://www.instagram.com/saarariii/
