Marika Sugisaki / ç¾å®¹ã‚ªã‚¿ã‚¯,6229,Sorry,1,https://www.instagram.com/mk_____ch/
ğ¬ğ®ğ³ğ®ğ¤ğš,32600,Sorry,1,https://www.instagram.com/suzylily._/
Sorry,1466,Sorry,1,https://www.instagram.com/malteser.rems_murr/
ç€§é‡ç”±ç¾å­,63800,Sorry,1,https://www.instagram.com/yumiko_anko/
æ‰æµ¦ã¿ã™ã‚™ã,35000,Sorry,1,https://www.instagram.com/mizuki_sugiura/
ğŒğ¨ğğ¤ğš,211,Sorry,1,https://www.instagram.com/rc_15m/
Nanami,968,Sorry,1,https://www.instagram.com/nanamin7_9/
å²©ç€¬ã€€èœ,2196,Sorry,1,https://www.instagram.com/cieca.nana/
Maiko KanoğŸ¡ç‹©é‡èˆå­,87000,Sorry,1,https://www.instagram.com/kanochan715/
Leiã€ã¾ã‚†ã‘ã‚™ã®å…ˆç”Ÿã€‘,8803,Sorry,3,https://www.instagram.com/lei_makeup348/
ãƒ›ãƒƒãƒˆãƒ˜ã‚šãƒƒãƒã‚šãƒ¼ãƒ’ã‚™ãƒ¥ãƒ¼ãƒ†ã‚£ãƒ¼ã‚³ã‚¹ãƒ¡ã€å…¬å¼ã€‘,23300,Sorry,1,https://www.instagram.com/hotpepperbeauty_cosme/
NANAMIğŸ¸ğŸ’‹YouTuberğŸ’»,43600,Sorry,1,https://www.instagram.com/nanamin733/
æœ‰,1477,Sorry,1,https://www.instagram.com/__________asak/
ã„ã¡ã“ã‚™ã¿ã‚‹ãğŸ°ğŸ¼,13500,Sorry,5,https://www.instagram.com/maimero.iciigomilk.y/
ç¯ åŸã€€ç¾é›¶,591,Sorry,1,https://www.instagram.com/m_reirei46/
ğ™– ğ™¢ ğ™,723,Sorry,1,https://www.instagram.com/piimiiq/
ğ‡ğ¢ğ§ğš,762,Sorry,1,https://www.instagram.com/hinahina822k/
a y a n e,3030,Sorry,2,https://www.instagram.com/ayan.s05/
Beauty Kichenã€ç¾å®¹æƒ…å ±âœ¨ã€‘,24300,Sorry,1,https://www.instagram.com/_beauty_kitchen_/
namjoonieooppa,2273,Sorry,5,https://www.instagram.com/namjoonieooppa/
ä¸­å· ç´…è‘‰,24200,Sorry,1,https://www.instagram.com/kureha_nakagawa/
Sorry,81300,Sorry,1,https://www.instagram.com/akeeey95/
Ë—ËË‹  Ê á´ á´‹ á´ á´˜ Éª  ËËŠË—,79100,Sorry,1,https://www.instagram.com/_yokopii_/
TINTï¼ˆãƒ†ã‚£ãƒ³ãƒˆï¼‰ ã‚³ã‚¹ãƒ¡/ã‚¹ã‚­ãƒ³ã‚±ã‚¢,4353,Sorry,1,https://www.instagram.com/tint_cosme/
ã„ã¾ã‚Šã‚ã‚‹â¤ï¸IMARI,6047,Sorry,1,https://www.instagram.com/imari_style/
ã¡ã¯ã‚‹,902,Sorry,1,https://www.instagram.com/chiharu_528/
æ±Ÿæœ¬ã‚‹ã‚Šæµ,72100,Sorry,2,https://www.instagram.com/emotorurie/
ç¾å®¹å®¶ãƒ»å²¡æœ¬é™é¦™,26000,Sorry,1,https://www.instagram.com/shizucat/
ğ’½ğ’¾ğ“ƒğ’¶,633,Sorry,1,https://www.instagram.com/0_hixx1s2/
sana,4758,Sorry,1,https://www.instagram.com/kuromayuge/
miki fujimori,1989,Sorry,1,https://www.instagram.com/neelu___miki/
ã‚«ãƒ¡ã‚¿ã‚™,82300,Sorry,1,https://www.instagram.com/wanawanawo/
ğšˆğšğš”ğš’ğš—ğšŠ,2344,Sorry,1,https://www.instagram.com/ykn.89/
a áƒ¦*.,711,Sorry,1,https://www.instagram.com/r_r_grr/
å‡›è¯.|ãƒã‚šãƒ¼ã‚½ãƒŠãƒ«ã‚«ãƒ©ãƒ¼Ã—ã‚³ã‚¹ãƒ¡,2612,Sorry,1,https://www.instagram.com/riiin_chi/
ğšŠğš”ğšŠğš›ğš’,693,Sorry,1,https://www.instagram.com/akari_1203_/
ç´«é™½èŠ±,4049,Sorry,1,https://www.instagram.com/hinagiku_008/
å…«ä»£ãƒŠã‚ªâ™¡ç¾å®¹å¸«,13700,Sorry,9,https://www.instagram.com/yashironao/
noriko kagawa ï¼»atelierRï¼½,3606,Sorry,1,https://www.instagram.com/noriko.atelierr/
SHIHO,1604,Sorry,1,https://www.instagram.com/0921cw/
ğ’ğ®ğ³ğ®ğ¤ğš,8821,Sorry,1,https://www.instagram.com/suzu._.gram/
ãŠã‚†ãŸã‚“ğŸ’‹ ï¼¼ç¾å®¹ãƒãƒ‹ã‚¢ï¼ğŸ—,16800,Sorry,1,https://www.instagram.com/oyutann/
á´¹á´¬á´µ,4839,Sorry,1,https://www.instagram.com/mt___a2/
è—¤åœ’ éº—,6609,Sorry,1,https://www.instagram.com/reirei2005118/
-â€µË Êá´œá´œá´‹á´€ Ë à ¥-  ğŸ‘¼ğŸ»,1258,Sorry,1,https://www.instagram.com/yuka_0290/
*.â¥ã‚„ã‚ˆã“â¥*. ç¾å®¹å¢ï¼Š,23900,Sorry,1,https://www.instagram.com/ya_o9o3/
ä¸­æ—ç¾å’Œ,113000,Sorry,1,https://www.instagram.com/miwanakabayashi/
Ayumi,1273,Sorry,1,https://www.instagram.com/a___y___u85/
CandyKeys - Official Store,20000,Sorry,1,https://www.instagram.com/candykeysstore/
ãƒãƒŠãƒŸ,971,Sorry,1,https://www.instagram.com/ma_127_mi/
JAPANESE RACING CARS ğŸ‡¯ğŸ‡µğŸ #JRC,37500,Sorry,2,https://www.instagram.com/japaneseracingcars/
SEIBU SHIBUYA Official / è¥¿æ­¦æ¸‹è°·åº—,5506,Sorry,1,https://www.instagram.com/shibusei_seibu_shibuya/
Norbauer & Co.,9259,Sorry,1,https://www.instagram.com/norbauer/
ã‹ã‚ã«ã—ã¿ãï¼ˆ ã¿ãã»ã‚šã‚“ ï¼‰,411000,Sorry,1,https://www.instagram.com/mikipon1111/
hina,1325,Sorry,1,https://www.instagram.com/_2001_nico/
JOON'S MOON ğŸ¨ğŸ’™,2943,Sorry,2,https://www.instagram.com/kim_pcyjoon/
yuka,826,Sorry,1,https://www.instagram.com/kiiikiii18/
haru,3916,Sorry,1,https://www.instagram.com/sun1216haru/
shabon,521000,Sorry,2,https://www.instagram.com/shabon_official/
LaLa | ãƒ¡ã‚¤ã‚¯ã‚¢ãƒƒãƒ•ã‚šã‚³ãƒ³ã‚»ãƒ•ã‚šã‚¿ãƒ¼,192000,Sorry,1,https://www.instagram.com/lalamakeup_official/
Rin,518,Sorry,1,https://www.instagram.com/rin.h0579/
ã¿ã»,751,Sorry,1,https://www.instagram.com/ramune.nail/
å°æ—¥å‘ã‚‚ã‘,41000,Sorry,1,https://www.instagram.com/kohinata_moke/
noriko takasugi/ ASTARISK,480,Sorry,1,https://www.instagram.com/astarisk_takasugi/
ä»²ç”° è©©ç¹” | nakata shiori,3240,Sorry,1,https://www.instagram.com/na_chaaaan/
å¤§äººå¥³å­ã‚³ã‚¹ãƒ¡ã€ãƒ•ã‚šãƒãƒ•ã‚šãƒ©ã‚³ã‚¹ãƒ¡æ¯æ—¥ç´¹ä»‹ğŸ’„ã€‘,103000,Sorry,1,https://www.instagram.com/otonajoshi_cosme/
å»£é‡æ¥“èŠ±ã€€ä¸­å¤®å¤§å­¦ã€€ãƒŸã‚¹ã‚³ãƒ³ã€€No.1,3188,Sorry,1,https://www.instagram.com/miss1chuo__2020/
moi! ï¼ˆãƒ¢ã‚¤ï¼‰/ ã‚³ã‚¹ãƒ¡ãƒ»ã‚¹ã‚­ãƒ³ã‚±ã‚¢,14300,Sorry,1,https://www.instagram.com/moi__life_/
ç¾å®¹å¡¾ğŸ€ç¦å²¡ãƒ¡ã‚¤ã‚¯ãƒ¬ãƒƒã‚¹ãƒ³ mai,2080,Sorry,1,https://www.instagram.com/beauty_make1984/
RMK KOREA,14600,Sorry,1,https://www.instagram.com/rmkkorea/
ï¼¿yukiï¼¿,467,Sorry,1,https://www.instagram.com/so_holm._/
ç¦æ±Ÿèœã€…è¯ï¼ˆç¦ã¡ã‚ƒã‚“ï¼‰,25300,Sorry,1,https://www.instagram.com/nanaka029/
ã‚‰ã€ã®ã¯ãªã—ã€‚,4318,Sorry,1,https://www.instagram.com/ra___story/
VOCEã‚¦ã‚§ãƒ•ã‚™ã‚µã‚¤ãƒˆç·¨é›†é•·ãƒ»ä¸‰å¥½ã•ã‚„ã‹ï¼ã‚³ã‚¹ãƒ¡ãƒ»ãƒ¡ã‚¤ã‚¯,16000,Sorry,1,https://www.instagram.com/voce_miyoshi/
ğŸ“· reposted pics,25000,Sorry,1,https://www.instagram.com/blockbusters_321/
æ±é‡Œ,574,Sorry,1,https://www.instagram.com/shio____09/
Yuho Uchida | å†…ç”°ã‚†ã†ã»,52700,Sorry,1,https://www.instagram.com/uchidayuho/
