ç¦å±±çµ¢æ°´(ã‚ã‚„ã¿ã‚“),189000,645,1,https://www.instagram.com/aya__m02/
JOSHIME!!ã€ã‚·ã‚™ãƒ§ã‚·ãƒ¡ã€‘|ãƒ¡ã‚¤ã‚¯ãƒ»ã‚³ã‚¹ãƒ¡,21400,319,1,https://www.instagram.com/joshime_/
MimiTV ã‚³ã‚¹ãƒ¡ / ãƒ¡ã‚¤ã‚¯ / ãƒ˜ã‚¢ã‚¢ãƒ¬ãƒ³ã‚·ã‚™,199000,"3,315",1,https://www.instagram.com/mimitv_official/
ã“ã°ã—ã‚Šã€‚,273000,232,1,https://www.instagram.com/lovetomato_24/
LIPS(ãƒªãƒƒãƒ—ã‚¹)-ã‚³ã‚¹ãƒ¡ãƒ»ãƒ¡ã‚¤ã‚¯å‹•ç”»,693000,"5,048",3,https://www.instagram.com/lipsjp/
ã‚†ãã‚Šã¬ğŸŒ·,263000,355,1,https://www.instagram.com/yukirin_u/
YUKAã€Šãƒãƒ£ãƒ³ãƒ¦ã‚«ã€‹,18300,"1,061",1,https://www.instagram.com/pikachu0827/
ã¿ãƒ¼ã“,1338,265,1,https://www.instagram.com/xxm__81xx/
nana,32400,561,3,https://www.instagram.com/na.na1557/
ãŠã¾ã‚ğŸ’„,9117,532,5,https://www.instagram.com/xxktmamaxx/
SHOKO,35100,542,1,https://www.instagram.com/beauty_mmr/
ğŸŒˆğŠğ¢ğ¦ğ¢ğ¤ğ¨ ğ€ğğšğœğ¡ğ¢ğŸŒˆ,8597,"1,095",1,https://www.instagram.com/__dacci__/
LaLa | ãƒ¡ã‚¤ã‚¯ã‚¢ãƒƒãƒ•ã‚šã‚³ãƒ³ã‚»ãƒ•ã‚šã‚¿ãƒ¼,192000,732,2,https://www.instagram.com/lalamakeup_official/
NicoleğŸ’– Beauty Blogger,1342,143,2,https://www.instagram.com/nininicole_mkup/
R I O,10100,305,1,https://www.instagram.com/rio_matsumoto/
é‡‡ä½³,967,47,1,https://www.instagram.com/__ayaka.411/
má»¹ pháº©m ná»™i Ä‘á»‹a trung,1923,701,1,https://www.instagram.com/lylixinlu/
é¹¿ã®é–“,102000,"2,170",1,https://www.instagram.com/rhodon41/
ã‚µã‚«ã‚¿ ãƒãƒ¦...ã‚ªãƒªãƒ¼ãƒ•ã‚™.ãƒ˜ã‚™ãƒ¼ã‚·ã‚™ãƒ¥.ãã™ã¿è‰².,5700,"1,204",1,https://www.instagram.com/maaa0624/
ã¿ãƒã‚‰ãã‚“ğŸ˜³ğŸ’—ã€ç¥ã¨ã„ã†åã®ã‚·ãƒ­ã‚¦ãƒˆã€‘,253000,437,1,https://www.instagram.com/miran150613/
ãªã¾ã“@ğ•ğ• ğ•¦ğ•‹ğ•¦ğ•“ğ•–,98900,903,1,https://www.instagram.com/na.ma.co/
å°é‡ éº»è¡£ã€€ãƒ¡ã‚¤ã‚¯è¬›å¸«ï¼†ãƒ¡ã‚¤ã‚¯ã‚»ãƒ©ãƒ’ã‚šãƒ¼ã‚¢ãƒˆã‚™ãƒã‚™ã‚¤ã‚µã‚™ãƒ¼,4743,"1,950",1,https://www.instagram.com/ono_mai/
æ–°å¸Œå’²ä¹ƒ,70900,518,1,https://www.instagram.com/niki_sakino/
ã«ãŸã¾ã“ã‚™ğŸ¥š/ æ–°ç”°èŒ‰å­,88200,253,1,https://www.instagram.com/__nitamago__/
mirai @ã¿ã‚‰ã„ã«ã™ãŸ,15900,"1,305",1,https://www.instagram.com/mirainista/
ã‚³ã‚¹ãƒŸãƒ¼ã€å¤§äººã®ãŸã‚ã®ç¾å®¹ï¼†éŸ“å›½ã‚³ã‚¹ãƒ¡æƒ…å ±ã€‘,37300,365,1,https://www.instagram.com/kosme_jp/
æœ¨ä¸‹ã‚†ã†ã‹,268000,"1,464",1,https://www.instagram.com/yuka_kinoshita_0204/
Beauty Kichenã€ç¾å®¹æƒ…å ±âœ¨ã€‘,24300,243,1,https://www.instagram.com/_beauty_kitchen_/
â™¡ğ•„ğ•’ğ•™ğ• â™¡,1001,148,1,https://www.instagram.com/_iam.maho_/
corectyï¼ˆã‚³ãƒ¬ã‚¯ãƒ†ã‚£ï¼‰/ ã‚³ã‚¹ãƒ¡ãƒ»ç¾å®¹,250000,"1,475",2,https://www.instagram.com/corecty_net/
m a i k a / ç¾å®¹å­¦ç”Ÿ,617,96,1,https://www.instagram.com/makya___76/
ã€å…¬å¼ã€‘ã‚ªãƒ«ãƒãƒ£ãƒ³ãƒãƒ«_ã‚³ã‚¹ãƒ¡éƒ¨,12000,498,1,https://www.instagram.com/olchannel_cosme/
ãƒ•ã‚¦ã‚«,931,12,1,https://www.instagram.com/__fukaaaa__/
HowB(ãƒã‚¦ãƒ’ã‚™ãƒ¼)ç·¨é›†éƒ¨,13000,780,1,https://www.instagram.com/_howb_/
ç¨²å ´ æ„›é¦™,62800,115,1,https://www.instagram.com/manaka_inaba.official/
ã¿ã‚“ãğŸ¦™,9833,489,1,https://www.instagram.com/mink__88/
SHIHO â¤ï¸ å¥³ã®å­ã‚’100å€æ¥½ã—ã‚€ãŸã‚ã®è±†çŸ¥è­˜,80900,897,3,https://www.instagram.com/shiiiho_raa14/
ãƒã‚šãƒ³è€³ã¡ã‚ƒã‚“,519,51,1,https://www.instagram.com/panmimichan/
æˆ¸ç”°çœŸç´ toda makoto,129000,"1,237",1,https://www.instagram.com/toda_makoto/
ã‚†ã…,6946,"1,682",1,https://www.instagram.com/youyan1231/
å¤å·æœªéˆ´,67100,370,1,https://www.instagram.com/furukawamirin/
ğŸ’„ãƒ—ãƒ¬ã‚¼ãƒ³ãƒˆä¼ç”»å®Ÿæ–½ä¸­ğŸ’„ã‚³ã‚¹ãƒ¡æƒ…å ±-FORTUNE -,39700,"2,393",1,https://www.instagram.com/fortune_press/
NOIN.tv,263000,"1,461",3,https://www.instagram.com/noin.tv/
ä¸‹æ´¥ æ˜æ—¥é¦™ğŸ¦‹ì•„ìŠ¤ì¹´ (+81),52100,198,1,https://www.instagram.com/asukagram0223/
ãƒãƒ£ãƒ³ãƒ¢ãƒ¢,22600,323,1,https://www.instagram.com/mmch_pipi/
æ°´è¶Š ã¿ã•ã¨,101000,613,1,https://www.instagram.com/mitan.m/
Zeesea Cosmetics Official,65200,116,11,https://www.instagram.com/zeeseacosmetics/
ğŸ‡°ğŸ‡·æ¨ªäº•äºœæµ·ğŸ‡°ğŸ‡·ç¾å®¹å¸«âœ‚ï¸ğŸ’ãƒ•ã‚™ãƒªãƒ¼ãƒãªã—ãƒ’ã‚šãƒ³ã‚¯ğŸ’,2250,459,1,https://www.instagram.com/aminosan_theater/
ğ‘¨ğ‘´ğ‘°,47200,191,1,https://www.instagram.com/ami_t_1224/
SAKI,2269,"1,636",1,https://www.instagram.com/vertige_saki/
MAA,1076,154,8,https://www.instagram.com/nekopons_cosme/
SarinağŸ¦‹,74300,394,1,https://www.instagram.com/sari_pink144/
aya.revolutionâ˜†,1492,763,1,https://www.instagram.com/aya.revolution/
ğŒğ€ğğ€,69600,496,6,https://www.instagram.com/l_make1831/
á´ÉªÊœá´ ğ–¤Ë’Ë’,58100,969,2,https://www.instagram.com/mipo.pink/
ç§˜å¯†ã€ŠmiÌ€miÌ€ã€‹,36200,378,2,https://www.instagram.com/mimi_china_cosme/
ğŠğ¢ğ,778,61,1,https://www.instagram.com/tkie_617/
LUCRAï¼ˆãƒ«ã‚¯ãƒ©ï¼‰,388000,"1,403",1,https://www.instagram.com/lucra_app/
RiLiï¼»ãƒªãƒªï¼½,306000,"3,604",1,https://www.instagram.com/rili.tokyo/
wanghongniang,113000,601,1,https://www.instagram.com/wanghongniang/
ã‚¹ã‚­ãƒ³ã‚±ã‚¢ãƒãƒ‹ã‚¢ã€ã‚¹ã‚­ãƒ³ã‚±ã‚¢æƒ…å ±ãƒ¡ãƒ†ã‚™ã‚£ã‚¢ã€‘,33400,331,1,https://www.instagram.com/skincare_maniac_/
