Má´á´‹á´€ Yá´€á´á´€á´¢á´€á´‹Éª / å±±ï¨‘ã‚‚ã‹,25000,320,2,https://www.instagram.com/mokaaa945/
å±±æœ¬åƒé¥,5904,860,1,https://www.instagram.com/chicchiis/
ğ¦ğšğ²ğ®ğ¤ğš,1919,33,1,https://www.instagram.com/__mayu.__/
ğŸŒ¹maki/å¤§äººå¥³æ€§ğŸŒ¹ã‚·ãƒ§ãƒ¼ãƒˆ/ãƒ›ã‚™ãƒ•ã‚™ãƒ˜ã‚¢,826,40,2,https://www.instagram.com/stella_luxbe_maki/
ä¸‹ç”°æ€œå¤®ï¼»é€æ˜æ„Ÿã‚«ãƒ©ãƒ¼/ä¼¼åˆã‚ã›ã‚«ãƒƒãƒˆ/æ˜¥æ—¥äº•ç¾å®¹å¸«ï¼½,1099,376,11,https://www.instagram.com/reo.416/
é–“ç€¬é¥èŠ±,4381,280,1,https://www.instagram.com/maseharu_929/
ã¦ã‚“å­ | ã‚³ã‚¹ãƒ¡ãƒ¬ãƒ›ã‚š ğŸ“ƒ,21400,244,1,https://www.instagram.com/tenko0517/
å’Œå¸Œè©©ç¹”/kazukishiori,18300,"1,648",1,https://www.instagram.com/kazukishiori/
C.co *  -ã‚³ã‚³- ãƒ•ã‚¡ãƒƒã‚·ãƒ§ãƒ³/ã‚³ã‚¹ãƒ¡,69400,891,4,https://www.instagram.com/c.co_fashion/
JJ,119000,"2,100",1,https://www.instagram.com/jj_official_jj/
"å¤è³€ ç¾ç´€ SHIMA  ãƒ•ã‚™ãƒªãƒ¼ãƒç„¡ã—ã€€""natural""",13400,"3,806",1,https://www.instagram.com/koga_miki_aoyama/
moi! ï¼ˆãƒ¢ã‚¤ï¼‰/ ã‚³ã‚¹ãƒ¡ãƒ»ã‚¹ã‚­ãƒ³ã‚±ã‚¢,14300,107,1,https://www.instagram.com/moi__life_/
æœ›æ„›ãƒ»NoağŸŒ¿å‡ºå¼µãƒã‚šãƒ¼ã‚½ãƒŠãƒ«ãƒ¬ãƒƒã‚¹ãƒ³/ãƒ›ã‚™ãƒ†ã‚™ã‚£ãƒ¡ã‚¤ã‚¯,6083,248,1,https://www.instagram.com/heartyoga8/
CANMAKE TOKYOï¼ˆã‚­ãƒ£ãƒ³ãƒ¡ã‚¤ã‚¯ï¼‰,543000,410,1,https://www.instagram.com/canmaketokyo/
zacc vieï¼ç çµµç†/é€æ˜æ„Ÿã‚«ãƒ©ãƒ¼/è‰¶ã‚«ãƒ©ãƒ¼/éŸ“å›½ãƒ˜ã‚¢ãƒ¼,604,278,1,https://www.instagram.com/___jueri/
å‰ç”° å¸Œ Maeda Nozomi,7320,108,10,https://www.instagram.com/nozomi_maeda_/
ğ€ğ²ğšğ§ğ¨,3246,123,1,https://www.instagram.com/ayn.2020/
ã‚·ãƒ§ãƒ¼ãƒˆãƒ›ã‚™ãƒ•ã‚™ / ãƒ›ã‚™ãƒ•ã‚™ã€Šåºƒå°¾ç¾å®¹å®¤ã€‹ãƒˆã‚™ãƒã‚™ã‚·ã‚±ã‚¤ã‚¿,4095,"1,391",1,https://www.instagram.com/dobsk_t/
å®®å´å¸‚ç¾å®¹å®¤_Shun Yamasaki,1435,252,1,https://www.instagram.com/anartsoho_shun/
ç€§é‡ æˆç¾,1128,16,1,https://www.instagram.com/narumicosme/
KOHARU  ãƒ¼Make Up Mindãƒ¼,3128,25,2,https://www.instagram.com/k_ma_k.e/
á„†á…µá„Œá…³á„’á…© (ã¿ã™ã‚™ã»),2281,656,1,https://www.instagram.com/mizu025/
ğ˜†ğ˜‚ğ—® âœ¿ ğ—¦ğ—›ğ—œğ— ğ—” ğ—¸ğ—¶ğ—°ğ—µğ—¶ğ—·ğ—¼ğ—·ğ—¶ á´®á´±,5861,751,5,https://www.instagram.com/yua_tsubakino/
shabon,521000,"1,958",2,https://www.instagram.com/shabon_official/
ã‚³ãƒ•ãƒ¬ãƒˆã‚™ãƒ¼ãƒ«ï¼COFFRET D'OR official,57200,279,1,https://www.instagram.com/coffret_dor_official/
sayâ˜ºï¸,14700,674,1,https://www.instagram.com/say011/
ã‚†ã„@ãƒˆã‚™ãƒ­ãƒ¼ãƒ³ã‚·ã‚™ãƒ§ãƒ•ã‚šãƒ©ã‚¹,4045,86,1,https://www.instagram.com/yui_drone/
Hitomi,8449,298,2,https://www.instagram.com/imaima1118/
Nozomi,1875,165,3,https://www.instagram.com/nonnon__99/
å±±å²¡ è‘µ,38700,"1,983",2,https://www.instagram.com/aoioa/
kokochi(ã‚³ã‚³ãƒ),182000,643,1,https://www.instagram.com/kokochi_official/
H Okada,1366,937,1,https://www.instagram.com/htr_okada/
sÊœÉªá´Ê€Éª,815,40,1,https://www.instagram.com/salt___00/
bibin-ãƒ’ã‚™ãƒ’ã‚™ãƒ³ã€éŸ“å›½ç¾è‚Œãƒ¡ãƒ‡ã‚£ã‚¢ã€,15400,230,1,https://www.instagram.com/bibin_cosme/
M1saki,5234,102,1,https://www.instagram.com/m1saki_m1saki/
HAIR,15500,"1,837",1,https://www.instagram.com/hair.cm/
haruka333888,4483,510,3,https://www.instagram.com/beauty333888/
å±±.å´...è–«...,2107,"1,120",2,https://www.instagram.com/yamasakikaori0125/
ğ‘»ğ’‚ğ’Œğ’‚ğ’‰ğ’‚ğ’”ğ’‰ğ’Š ğ‘¹ğ’†ğ’ğ’‚,1461,135,1,https://www.instagram.com/rena__831/
MimiTV ã‚³ã‚¹ãƒ¡ / ãƒ¡ã‚¤ã‚¯ / ãƒ˜ã‚¢ã‚¢ãƒ¬ãƒ³ã‚·ã‚™,199000,"3,315",2,https://www.instagram.com/mimitv_official/
ã‚ãŠï¸ï¸ğŸ£ç¾å®¹å¢ï¸,21500,"1,281",10,https://www.instagram.com/aochan_cosme/
ğ—™ğ—˜ğ—¥ğ—¡ğ—”ğ—¡ğ——ğ—”(ãƒ•ã‚§ãƒ«ãƒŠãƒ³ã‚¿ã‚™),16900,746,1,https://www.instagram.com/fernanda_jp/
JELLY,57100,"2,071",1,https://www.instagram.com/jelly_stagram/
Mizuho Takayanagi,770,206,2,https://www.instagram.com/bb_jp_yanagi/
ğŒğ¢ğ­ğ¨ / ãƒ¡ã‚¤ã‚¯å‹•ç”».ãƒ•ã‚šãƒãƒ•ã‚šãƒ©ã‚³ã‚¹ãƒ¡,19600,143,1,https://www.instagram.com/mito_makeup/
ğ—œğ—¢ğ—¥ğ—œ,6317,133,1,https://www.instagram.com/iorisfleur/
éˆ´æœ¨ä¿Šä»‹,1613,58,1,https://www.instagram.com/sunbin.sukebe/
