ã¾ã¤ã‘ã‚™ã¨çœ‰ã®å°‚é–€åº—ğŸŒ»Kawasaki Sayaka,7790,909,2,https://www.instagram.com/kawasaki_sayaka/
mary,31600,475,4,https://www.instagram.com/mary0430/
elety cosme ã‚³ã‚¹ãƒ¡ãƒ»ã‚¢ã‚¤ãƒ¡ã‚¤ã‚¯ç´¹ä»‹,11600,235,1,https://www.instagram.com/elety_cosme/
WHOMEE,161000,"1,675",1,https://www.instagram.com/whomeeigari/
ã‚­ãƒ¬ã‚«ãƒ¯,31400,73,1,https://www.instagram.com/kirekawa_beauty/
ğ‘¬ğ’“ğ’Šğ’ğ’‚,9184,469,1,https://www.instagram.com/e.7.16/
ã¡ã‚ƒã‚Šã“ğŸ’ãƒ„ãƒ¤ã‚ªã‚¿ã‚¯,65100,250,1,https://www.instagram.com/charico2019/
ãŸã‹ãŠã‹ ã‚‰ã‚“ã“,1949,106,1,https://www.instagram.com/ryra.luv/
å¤ç„¼é›…,138000,"1,628",1,https://www.instagram.com/miyaaa0825/
ç¾å®¹å®¶â¤ï¸Momo Matsumoto,13000,526,1,https://www.instagram.com/momo_m0918/
MimiTV ã‚³ã‚¹ãƒ¡ / ãƒ¡ã‚¤ã‚¯ / ãƒ˜ã‚¢ã‚¢ãƒ¬ãƒ³ã‚·ã‚™,199000,"3,315",1,https://www.instagram.com/mimitv_official/
éº»å‹,780,53,1,https://www.instagram.com/mayutea._/
ANRI UMETANI(æ¢…è°·å®‰é‡Œ),40300,"3,178",1,https://www.instagram.com/anriworld/
VELY VELY,13200,121,1,https://www.instagram.com/velyvely_jp/
ğ‘´ ğ‘¨ ğ‘º ğ‘¨ ğ‘´ ğ‘°,11200,486,1,https://www.instagram.com/masam1101/
ğŒğ¢ğ­ğ¨ / ãƒ¡ã‚¤ã‚¯å‹•ç”».ãƒ•ã‚šãƒãƒ•ã‚šãƒ©ã‚³ã‚¹ãƒ¡,19600,143,1,https://www.instagram.com/mito_makeup/
FEMMUE ã€ˆãƒ•ã‚¡ãƒŸãƒ¥ã€‰å…¬å¼,117000,517,2,https://www.instagram.com/femmue_japan/
naru,20700,189,1,https://www.instagram.com/biyou_naru/
JUN@PrettyWOMAN,7397,670,2,https://www.instagram.com/junmzk.pw/
æ¸¡é‚‰ã¿ã•ã,9893,471,1,https://www.instagram.com/miisakii23/
ãƒ«ãƒ¼ã‚³,937,27,1,https://www.instagram.com/rukolife/
ayağŸ’,62200,"1,453",1,https://www.instagram.com/ancororiin/
SAKI,5017,525,1,https://www.instagram.com/bbpro_jp_saki/
ç¾å½©,6089,345,1,https://www.instagram.com/misamisa.3333/
åå¤å±‹/ã‚·ãƒ§ãƒ¼ãƒˆ/æ „/ã‚·ãƒ§ãƒ¼ãƒˆåå¤å±‹/æ²³æ‘åšä¹‹,4078,933,1,https://www.instagram.com/___h_r_o___/
ã‚‚ã‚‚ã‚‚ã‚‚,4161,110,1,https://www.instagram.com/pi7415369/
ğŸ‘°ã‚¦ã‚§ãƒ†ã‚™ã‚£ãƒ³ã‚¯ã‚™ãƒ˜ã‚¢ãƒ¡ã‚¤ã‚¯ãƒ«ãƒ¼ãƒã‚§,4729,"2,421",1,https://www.instagram.com/wedding_luce/
ã‚¤ãƒã‚¦ã‚¨ ãƒŸã‚µãƒˆğŸ’‹,1447,690,1,https://www.instagram.com/mmst86/
SAORIâœ¿  ãƒ‹ã‚­ãƒ’ã‚™ãƒ»ãƒ‹ã‚­ãƒ’ã‚™è·¡æ”¹å–„ã‚±ã‚¢,2143,128,1,https://www.instagram.com/__saorena__17/
ä½è³€å¸‚é‹å³¶ã€ãƒã‚šãƒ¼ã‚½ãƒŠãƒ«ãƒˆãƒ¬ãƒ¼ãƒ‹ãƒ³ã‚¯ã‚™ã€‘Cherish,3404,230,2,https://www.instagram.com/cherish_bodymake/
Sorry,21200,493,1,https://www.instagram.com/xoxo._yolo_.xoxo/
ã•ãã‚‰â‘…ï¸â—¡Ìˆï¸*,47500,392,1,https://www.instagram.com/_saosaori/
ã•ãˆã¿ã‚‹(å²©æ ¹æ²™æµå­)ğŸ‡ç®¡ç†æ „é¤Šå£«,27800,922,1,https://www.instagram.com/saemiltiii/
Mai  Ogiso,1255,293,2,https://www.instagram.com/miley__mai/
èŠ±æˆ¿ ç«æœˆ hizukihanafusa,3859,600,1,https://www.instagram.com/hizukihanafusa/
æ¾ä¸‹ä¾‘è¡£èŠ±(Yuika Matsushita),29900,"1,498",1,https://www.instagram.com/yuika_matsushita/
eSpoir Japan Official (ã‚¨ã‚¹ãƒã‚¢),10800,140,1,https://www.instagram.com/espoir_jp/
Isetan_beauty(ã‚¤ã‚»ã‚¿ãƒ³ãƒ’ã‚™ãƒ¥ãƒ¼ãƒ†ã‚£),57100,"1,227",1,https://www.instagram.com/isetan_beauty/
ã™ã¿ã‚Œ,458000,"1,089",1,https://www.instagram.com/sumire808/
ãƒ•ã‚šãƒ©ã‚µã‚™/PLAZA,588000,"3,127",1,https://www.instagram.com/plazastyle/
ğŸ’œ è²´å’² ãƒ¢ã‚¨ã‚« ğŸ’œ,78200,753,1,https://www.instagram.com/mek.ksk.1217/
ã¿ãªã¿,40100,692,1,https://www.instagram.com/dj_minamin/
ç†Šæ¾¤äºœé‡Œç´—ğŸ’„16ã‚¿ã‚¤ãƒ•ã‚šã‚«ãƒ©ãƒ¼è¨ºæ–­/ã‚¹ã‚¿ã‚¤ãƒ«è¨ºæ–­/é¡”ã‚¿ã‚¤ãƒ•ã‚š,17500,195,1,https://www.instagram.com/_arisa_212_/
å°é«˜èŒ‰æ­©,1164,125,1,https://www.instagram.com/maho_kodaka/
ã‚³ã‚¹ãƒŸãƒ¼ã€å¤§äººã®ãŸã‚ã®ç¾å®¹ï¼†éŸ“å›½ã‚³ã‚¹ãƒ¡æƒ…å ±ã€‘,37300,365,1,https://www.instagram.com/kosme_jp/
ğ‘€ ğ´ ğ‘… ğ¼ ğ¾ ğ´ ğŸ¥€,64500,"2,119",1,https://www.instagram.com/marika_kajiwara/
YUKAã€Šãƒãƒ£ãƒ³ãƒ¦ã‚«ã€‹,18300,"1,061",2,https://www.instagram.com/pikachu0827/
ğ‘¹ ğ‘° ğ‘ª ğ‘¶â€ªâ€ªâ€ªâ€ª â™¡âƒ›,46000,282,5,https://www.instagram.com/rico.527/
å°æ—¥å‘ã‚‚ã‘,41000,254,2,https://www.instagram.com/kohinata_moke/
sakura,572,65,2,https://www.instagram.com/skr.cosme/
ãƒŠãƒªã‚¹åŒ–ç²§å“ã€å…¬å¼ã€‘,9317,75,1,https://www.instagram.com/nariscosmetics/
ğ‘±  ğ‘¼ ğ‘µ ğ‘µ ğ‘¨,133000,"3,827",1,https://www.instagram.com/junna/
ã‚¨ãƒˆã‚¦ã‚™ã‚©ã‚¹,150000,762,1,https://www.instagram.com/etvos.jp/
Yukarin,37700,435,1,https://www.instagram.com/_.yukaringo._/
moi! ï¼ˆãƒ¢ã‚¤ï¼‰/ ã‚³ã‚¹ãƒ¡ãƒ»ã‚¹ã‚­ãƒ³ã‚±ã‚¢,14300,107,1,https://www.instagram.com/moi__life_/
shabon,521000,"1,958",3,https://www.instagram.com/shabon_official/
ç¾å®¹ãƒ©ã‚¤ã‚¿ãƒ¼â™¡ã¾ãƒã¾ãƒâ™¡,85000,995,2,https://www.instagram.com/maimai.007/
24h cosme(24hã‚³ã‚¹ãƒ¡),29700,343,2,https://www.instagram.com/24hcosme/
â™¥ï¸â’¶ â“ƒ â“ƒ â’¶â™¥ï¸,37200,"1,202",1,https://www.instagram.com/anna__bijoux/
MÍaÍhÍoÍ OÍkÍuÍmÍuÍrÍaÍ,6370,"1,096",1,https://www.instagram.com/p_maho_g/
ã‚¢ãƒãƒ«ãƒ‡ã‚£ã‚¢åŒ–ç²§å“,6176,39,1,https://www.instagram.com/amordea_official/
ãƒã‚­ã‚¢ãƒ¼ã‚·ã‚™ãƒ¥,121000,47,1,https://www.instagram.com/maquillage_jp/
ğ’„ğ’‰ğ’‚ğ’ğ’„ğ’‰ğ’Š / å¥³æ€§èµ·æ¥­å®¶ / SNSè¬›å¸« / ç¾å®¹,37900,973,1,https://www.instagram.com/mirror.me_chanchi/
å¤§äººã®ãƒ„ãƒ¤è‚ŒÃ—éª¨æ ¼ãƒ¡ã‚¤ã‚¯å°‚é–€å®¶âœ³ï¸æ± ç”°ãã‚ˆã“,9666,480,1,https://www.instagram.com/ikeda.makeup/
yuiko,5780,392,1,https://www.instagram.com/yu_ppoco/
ï¼ŠC'est Mignonï¼Š,355000,"1,148",1,https://www.instagram.com/cestmignon_mau/
ã‚·ãƒ³ãƒ†ã‚™ãƒ¬ãƒ©ãƒ¡ã‚¤ã‚¯ğŸ’Rin,32600,407,1,https://www.instagram.com/happy_cosme3150/
ã•ãã‚‰ã„ã•ãŠã‚Š@ã™ã£ã²ã‚šã‚“ç¾äººã‚µãƒ›ã‚šãƒ¼ãƒˆ,1013,204,1,https://www.instagram.com/ururusaori/
PAUL & JOE BEAUTE,372000,"1,528",5,https://www.instagram.com/paulandjoe_beaute/
hana.cosme33,64100,441,1,https://www.instagram.com/hana.cosme33/
æ‚ è¡£,57400,"1,006",1,https://www.instagram.com/yu1_1987/
ã‚†ã‚“ğŸ¥,85900,465,3,https://www.instagram.com/piyopiyo__stagram/
