bibin-ãƒ’ã‚™ãƒ’ã‚™ãƒ³ã€éŸ“å›½ç¾è‚Œãƒ¡ãƒ‡ã‚£ã‚¢ã€,15400,230,1,https://www.instagram.com/bibin_cosme/
Melcotï¼ˆãƒ¡ãƒ«ã‚³ãƒƒãƒˆï¼‰ã‚³ã‚¹ãƒ¡ãƒ»ã‚¹ã‚­ãƒ³ã‚±ã‚¢æƒ…å ±ãƒ¡ãƒ†ã‚™ã‚£ã‚¢ğŸ’„,51000,565,2,https://www.instagram.com/melcot_official/
ã‚³ã‚¹ãƒŸãƒ¼ã€å¤§äººã®ãŸã‚ã®ç¾å®¹ï¼†éŸ“å›½ã‚³ã‚¹ãƒ¡æƒ…å ±ã€‘,37300,365,1,https://www.instagram.com/kosme_jp/
BEAUTY Dept,13500,764,1,https://www.instagram.com/beauty_dept_tokyo/
å°æ—¥å‘ã‚‚ã‘,41000,254,1,https://www.instagram.com/kohinata_moke/
á´›á´á´á´Êá´,2767,403,4,https://www.instagram.com/u15_ui12/
ç™¾æ„›ğŸ’‹ğŒğğ€,4989,79,1,https://www.instagram.com/moa.channel/
HAZUKI,38700,715,1,https://www.instagram.com/hazuki.cosme/
á„…á…©á„‡á…³á†¯,7414,294,1,https://www.instagram.com/roblerob10/
ayannuğŸ¹,21400,335,1,https://www.instagram.com/ayannu61/
IPSA Japan,148000,636,1,https://www.instagram.com/ipsa_jp/
ãƒˆãƒƒãƒšãƒ,1880,106,1,https://www.instagram.com/tpmmpt11/
Romi,68500,957,1,https://www.instagram.com/romi_1006/
ãŠã‚†ãŸã‚“ğŸ’‹ ï¼¼ç¾å®¹ãƒãƒ‹ã‚¢ï¼ğŸ—,16800,565,3,https://www.instagram.com/oyutann/
ã¡ã‚ƒã‚Šã“ğŸ’ãƒ„ãƒ¤ã‚ªã‚¿ã‚¯,65100,250,3,https://www.instagram.com/charico2019/
á„‘á…¦á„…á…µá„‘á…¦á„…á…¡ Peripera Official,514000,"1,391",1,https://www.instagram.com/peripera_official/
Beauty Kichenã€ç¾å®¹æƒ…å ±âœ¨ã€‘,24300,243,2,https://www.instagram.com/_beauty_kitchen_/
rms beautyæ—¥æœ¬å…¬å¼ã‚¢ã‚«ã‚¦ãƒ³ãƒˆ,93600,910,4,https://www.instagram.com/rmsbeautyjapan/
ã¦ã‚“å­ | ã‚³ã‚¹ãƒ¡ãƒ¬ãƒ›ã‚š ğŸ“ƒ,21400,244,1,https://www.instagram.com/tenko0517/
â“’â“—â“˜,4002,430,1,https://www.instagram.com/ychi_89/
å°æ— åŠ å¥ˆ â†’ ä½è—¤ åŠ å¥ˆ,85700,549,1,https://www.instagram.com/kana__kobayashi/
æµ…è¦‹ ã‚ã„,247000,232,1,https://www.instagram.com/mei_asami_/
ãƒ¬ãƒŸãƒ¥/ãƒ¡ã‚¤ã‚¯ãƒ¬ãƒƒã‚¹ãƒ³,26400,298,4,https://www.instagram.com/lesmieux_yumi/
ãŠã‚†ã€‚,10200,146,3,https://www.instagram.com/cosme.collector/
Aya.,6987,158,1,https://www.instagram.com/a_make_myhobby/
mikuâ™¡å…ƒç¾å®¹éƒ¨å“¡,26200,213,2,https://www.instagram.com/miku_cosmake/
ğŸ’„ãƒ—ãƒ¬ã‚¼ãƒ³ãƒˆä¼ç”»å®Ÿæ–½ä¸­ğŸ’„ã‚³ã‚¹ãƒ¡æƒ…å ±-FORTUNE -,39800,"2,393",1,https://www.instagram.com/fortune_press/
4MEEE cosme,101000,"1,032",3,https://www.instagram.com/4meee_cosme/
SWEETS SWEETS (ã‚¹ã‚¦ã‚£ãƒ¼ãƒ„ ã‚¹ã‚¦ã‚£ãƒ¼ãƒ„),24100,226,1,https://www.instagram.com/sweets_sweets.official/
AKKI,31700,"2,253",1,https://www.instagram.com/akki1128/
é»’ç”°ã€€çœŸå‹é¦™,165000,"1,241",1,https://www.instagram.com/kurodamayukaxx/
ğš”ğšŠğš—ğšŠğš”ğš˜,23400,244,1,https://www.instagram.com/knk_csmpink/
ã‚¹ã‚­ãƒ³ã‚±ã‚¢ãŠå½¹ç«‹ã¡æƒ…å ±,203000,"1,877",1,https://www.instagram.com/skincare_of_dermatologist/
chako,45000,273,5,https://www.instagram.com/ta.chako/
MimiTV ã‚³ã‚¹ãƒ¡ / ãƒ¡ã‚¤ã‚¯ / ãƒ˜ã‚¢ã‚¢ãƒ¬ãƒ³ã‚·ã‚™,199000,"3,315",2,https://www.instagram.com/mimitv_official/
ã‚ã„ã™,8784,219,3,https://www.instagram.com/aisuchan_ss/
ç¾å®¹å®¶ãƒ»èˆ¹å±±è‘µ,41600,996,1,https://www.instagram.com/aoi_funayama/
ç¦å±±çµ¢æ°´(ã‚ã‚„ã¿ã‚“),189000,645,1,https://www.instagram.com/aya__m02/
&be,62000,242,3,https://www.instagram.com/andbe_official/
æ‰æœ¬ ä½³èœå­,10400,"1,283",2,https://www.instagram.com/kanako__sugimoto/
ã‹ãªã®ã‚³ã‚¹ãƒ¡è¨˜éŒ²,11800,210,1,https://www.instagram.com/kana.cosme_room/
ç¾å®¹ãƒ©ã‚¤ã‚¿ãƒ¼â™¡ã¾ãƒã¾ãƒâ™¡,85000,995,1,https://www.instagram.com/maimai.007/
ãƒ˜ã‚¢ãƒ¡ã‚¤ã‚¯/å…ƒBA/chie,1050,198,1,https://www.instagram.com/chi1222e/
BRGã€ãƒã‚™ã‚¹ãƒ«ãƒ¼ãƒ ã‚«ã‚™ãƒ¼ãƒ«ã€‘,150000,851,1,https://www.instagram.com/brg_magazine/
ğ’‚ğ’Š,20100,"1,074",1,https://www.instagram.com/a1_555111/
ã¿ãªã„ã€€ã‚ã‚„ã®,1290,209,1,https://www.instagram.com/ayano.minai/
ã“ã¾ã¡ãƒ¡ã‚¤ã‚¯ã€œç¾äººã®ä½œã‚Šæ–¹ã€œ,61700,510,1,https://www.instagram.com/comachimake/
AKINA MAKE,6793,312,1,https://www.instagram.com/akina.0815/
styleandco_official,9518,675,1,https://www.instagram.com/styleandco_official/
ç”Ÿç”°è¡£æ¢¨å¥ˆ(ãƒ¢ãƒ¼ãƒ‹ãƒ³ã‚¯ã‚™å¨˜ã€‚'20),101000,249,2,https://www.instagram.com/erina_ikuta.official/
yurika,21400,617,2,https://www.instagram.com/yuri0813ka/
MERY BEAUTY,236000,"1,265",2,https://www.instagram.com/mery.beauty/
ã‚¹ã‚¿ãƒƒãƒ•Z | ã‚«ãƒ©ã‚³ãƒ³é€šè²©ãƒ¢ã‚¢ã‚³ãƒ³ã®ä¸­ã®äºº,70800,985,2,https://www.instagram.com/morecon_staffz/
ãƒ˜ã‚™ãƒªãƒ¼ãƒ |  ã‚³ã‚¹ãƒ¡ãƒ»ãƒ¡ã‚¤ã‚¯,24300,492,1,https://www.instagram.com/beliene_official/
æ°´è¶Š ã¿ã•ã¨,101000,613,1,https://www.instagram.com/mitan.m/
BuzzFeedKawaiiå…¬å¼,44300,204,1,https://www.instagram.com/buzzfeed.kawaii/
Sorry,596,66,1,https://www.instagram.com/cliniquejp_tt/
VOCEç·¨é›†éƒ¨ï¼ç¾å®¹ãƒ»ã‚³ã‚¹ãƒ¡ãƒ»ãƒ¡ã‚¤ã‚¯ãƒ»ãƒ˜ã‚¢ãƒ»ãƒã‚¤ãƒ«,369000,"5,572",1,https://www.instagram.com/vocemagazine/
å¤§äººå¥³å­ã‚³ã‚¹ãƒ¡ã€ãƒ•ã‚šãƒãƒ•ã‚šãƒ©ã‚³ã‚¹ãƒ¡æ¯æ—¥ç´¹ä»‹ğŸ’„ã€‘,103000,758,4,https://www.instagram.com/otonajoshi_cosme/
Too Faced Cosmetics Japan,62700,337,1,https://www.instagram.com/toofacedlovesjapan/
å…¬å¼Re.cosme(ï½±ï½°ï¾™ï½²ï½°ï½ºï½½ï¾’)ç´ è‚Œãã‚Œã„ã‚’å¶ãˆã‚‹ğŸ’—,40500,354,1,https://www.instagram.com/re.cosme/
sachika,60500,861,2,https://www.instagram.com/schk_maru/
