asset_ID,currency,image_URL,name,price,purchase_URL
0,ETH,https://lh3.googleusercontent.com/inlWprXHFCS6N-Qplz2NLYXT4sR0BKI38AHeaqTgMKerib4oZ0Te-T2eOaio9_Bryzvs2YaUSl6j0efwRMKrQz0,Lightning Ball #119600084,0.1302,https://opensea.io/assets/0x67cbbb366a51fff9ad869d027e496ba49f5f6d55/119600084
1,ETH,https://lh3.googleusercontent.com/3xhcwQRzt2rgAbOe9XmAJVGcIrDXHLJkERtYwFXDM-UTycsPyVQV7hgxdDYAvi8pDXvu07k0XA_yDTca0y5Vtxw,Lightning Ball #119600072,0.125,https://opensea.io/assets/0x67cbbb366a51fff9ad869d027e496ba49f5f6d55/119600072
2,ETH,https://lh3.googleusercontent.com/LYZleGn_YbP9c1QceDxxTb_yXQ7nK_tVv5t3nFE6-lHbIMKAbmh5rDtC1JKQm0gAUQpcPStqwQkxzjCf8llvX10,Hameln #113400079,0.27,https://opensea.io/assets/0x67cbbb366a51fff9ad869d027e496ba49f5f6d55/113400079
3,ETH,https://lh3.googleusercontent.com/LYZleGn_YbP9c1QceDxxTb_yXQ7nK_tVv5t3nFE6-lHbIMKAbmh5rDtC1JKQm0gAUQpcPStqwQkxzjCf8llvX10,Hameln #113400071,0.25,https://opensea.io/assets/0x67cbbb366a51fff9ad869d027e496ba49f5f6d55/113400071
4,ETH,https://lh3.googleusercontent.com/IYrYd7WYRPYtn_qWrmQrG9cdML44nCXP3aKUMF39q10ojYhpnY5UXOZlqsy-yWo3mo9Ycitg06aUD-Msbn3etLpeMA,Xuan Wu #118100064,0.16,https://opensea.io/assets/0x67cbbb366a51fff9ad869d027e496ba49f5f6d55/118100064
5,ETH,https://lh3.googleusercontent.com/8rsml9oxBnGDmrVscAcoGVrx0Mn-JzTWHyoOyxIyTWuaceOZb59YlhrEnkDdTyI8LSufAVkBNh5bZP6kdVp_cjRn9g,Xuan Wu #118100045,0.7,https://opensea.io/assets/0x67cbbb366a51fff9ad869d027e496ba49f5f6d55/118100045
6,ETH,https://lh3.googleusercontent.com/8rsml9oxBnGDmrVscAcoGVrx0Mn-JzTWHyoOyxIyTWuaceOZb59YlhrEnkDdTyI8LSufAVkBNh5bZP6kdVp_cjRn9g,Xuan Wu #118100020,0.4,https://opensea.io/assets/0x67cbbb366a51fff9ad869d027e496ba49f5f6d55/118100020
7,ETH,https://lh3.googleusercontent.com/Zdures5yH8XNOB2m7us1h1YB1-uGh6JUsNhuEuz73uQZyy_dOlBKspfL8ZTKTAnsGY_tTqQV9g373v2c4JNzSFnyEQ,[Cryptospell]I'll Show You My Fencing！ #122400143,0.06,https://opensea.io/assets/0x67cbbb366a51fff9ad869d027e496ba49f5f6d55/122400143
8,ETH,https://storage.opensea.io/files/122d8fc3dab5b6509fae6913d3103eda.png,Sunset Angler Panda #118950179,0.0229,https://opensea.io/assets/0x67cbbb366a51fff9ad869d027e496ba49f5f6d55/118950179
9,ETH,https://lh3.googleusercontent.com/dvZsAunyvgrAQoqWj0jqkOzJtdgvWCo-3EhH_R_XGVgGk5phTJouYQJyGva84ySN4WQ1fOlgRNEYDuiWOeTFXKwx,Sunset Angler Panda #118950063,0.029,https://opensea.io/assets/0x67cbbb366a51fff9ad869d027e496ba49f5f6d55/118950063
10,ETH,https://lh3.googleusercontent.com/dvZsAunyvgrAQoqWj0jqkOzJtdgvWCo-3EhH_R_XGVgGk5phTJouYQJyGva84ySN4WQ1fOlgRNEYDuiWOeTFXKwx,Sunset Angler Panda #118950052,0.0229,https://opensea.io/assets/0x67cbbb366a51fff9ad869d027e496ba49f5f6d55/118950052
11,ETH,https://lh3.googleusercontent.com/thficUVNpyNhsg17hDthArSFtddNZ3tl5z93kQbwPNhST_slg_aa1VSfY5HVLvIV-w_j1gQKUhhLa9IR30CUh-Md,"Freya, Royal Palace Contraption Mage #118150115",0.105,https://opensea.io/assets/0x67cbbb366a51fff9ad869d027e496ba49f5f6d55/118150115
12,ETH,https://storage.opensea.io/files/ac0c67801bca0df22321c5215ef5aebc.png,"Freya, Royal Palace Contraption Mage #118150113",0.105,https://opensea.io/assets/0x67cbbb366a51fff9ad869d027e496ba49f5f6d55/118150113
13,ETH,https://lh3.googleusercontent.com/23M_CeKyQkRo1m8CXdyGuYOv4jy6vK0z5AQXoZypZSuaJ7SYqnV-b-rGTHA8Y6jLVU5suHP93c0MiMiNG2koK5o,Freed from the Altar #118800127,0.1503,https://opensea.io/assets/0x67cbbb366a51fff9ad869d027e496ba49f5f6d55/118800127
14,ETH,https://lh3.googleusercontent.com/23M_CeKyQkRo1m8CXdyGuYOv4jy6vK0z5AQXoZypZSuaJ7SYqnV-b-rGTHA8Y6jLVU5suHP93c0MiMiNG2koK5o,Freed from the Altar #118800086,0.1503,https://opensea.io/assets/0x67cbbb366a51fff9ad869d027e496ba49f5f6d55/118800086
15,ETH,https://lh3.googleusercontent.com/IpeqnA8r8FcZOqo-IrDoLPWvDYuTKNiWvCoQdpbqMN9T1b-lxOW3YOoWQnPPZ-ImaNuTQ6dJSece4YXsFbSXA0HwQA,"Freya, Royal Palace Contraption Mage #118150034",0.26,https://opensea.io/assets/0x67cbbb366a51fff9ad869d027e496ba49f5f6d55/118150034
16,ETH,https://lh3.googleusercontent.com/IpeqnA8r8FcZOqo-IrDoLPWvDYuTKNiWvCoQdpbqMN9T1b-lxOW3YOoWQnPPZ-ImaNuTQ6dJSece4YXsFbSXA0HwQA,"Freya, Royal Palace Contraption Mage #118150015",0.2002,https://opensea.io/assets/0x67cbbb366a51fff9ad869d027e496ba49f5f6d55/118150015
17,ETH,https://lh3.googleusercontent.com/zODyfU3Dwyn1-vVLxqEFxOQDevCG7l7Fq5iZN2M77ZYsTzuKP4j8wQrX4-GEDpLROAxGbbHA5dYO_Tqyb3xokVkj,"Triton, Emperor of the Seven Seas #118200085",0.105,https://opensea.io/assets/0x67cbbb366a51fff9ad869d027e496ba49f5f6d55/118200085
18,ETH,https://lh3.googleusercontent.com/zODyfU3Dwyn1-vVLxqEFxOQDevCG7l7Fq5iZN2M77ZYsTzuKP4j8wQrX4-GEDpLROAxGbbHA5dYO_Tqyb3xokVkj,"Triton, Emperor of the Seven Seas #118200062",0.105,https://opensea.io/assets/0x67cbbb366a51fff9ad869d027e496ba49f5f6d55/118200062
19,ETH,https://lh3.googleusercontent.com/q4T01VnDnUPBUFgUdTcqsNJq7kCYIdFsp4PfpEKhzEqhzNhx1-U0DMYvfGDt9UyU4HT9dhLEDg71TPnbfGrLcHld,"Triton, Emperor of the Seven Seas #118200053",0.28,https://opensea.io/assets/0x67cbbb366a51fff9ad869d027e496ba49f5f6d55/118200053
20,ETH,https://lh3.googleusercontent.com/zODyfU3Dwyn1-vVLxqEFxOQDevCG7l7Fq5iZN2M77ZYsTzuKP4j8wQrX4-GEDpLROAxGbbHA5dYO_Tqyb3xokVkj,"Triton, Emperor of the Seven Seas #118200020",0.2003,https://opensea.io/assets/0x67cbbb366a51fff9ad869d027e496ba49f5f6d55/118200020
21,ETH,https://lh3.googleusercontent.com/6CMxwOMq8b4m4XuR2cq8wIhQWINmLqrKXewlbFnnS2CJoDzQxgOx88cqasXBgxC80BOeC_0Jg7l4k_x9M0sbm19Z,Phoenix #118300089,0.19,https://opensea.io/assets/0x67cbbb366a51fff9ad869d027e496ba49f5f6d55/118300089
22,ETH,https://lh3.googleusercontent.com/DnXnO3WMJCegXY-bHv1vnnxdwVJ0W1dv_otpVcGDysMHPCMFpmMHp_HM2rokUN2KLcKqKWnY9Tiop6KEZZ0UvYYX,Laurier's Experiment #118650105,0.09,https://opensea.io/assets/0x67cbbb366a51fff9ad869d027e496ba49f5f6d55/118650105
23,ETH,https://lh3.googleusercontent.com/o7x_LX5RLgC8LbClr96oHrYoObjUSw_fXS5jVHe7JjwJGyReO9x0bik4TztT36dZ5d3WOz6C0SrJe0ZXaT97wWo,Laurier's Experiment #118650052,0.11,https://opensea.io/assets/0x67cbbb366a51fff9ad869d027e496ba49f5f6d55/118650052
24,ETH,https://lh3.googleusercontent.com/o7x_LX5RLgC8LbClr96oHrYoObjUSw_fXS5jVHe7JjwJGyReO9x0bik4TztT36dZ5d3WOz6C0SrJe0ZXaT97wWo,Laurier's Experiment #118650050,0.2,https://opensea.io/assets/0x67cbbb366a51fff9ad869d027e496ba49f5f6d55/118650050
25,ETH,https://lh3.googleusercontent.com/W_ONEcaBSZ7irHm7_nJOdvSxOftxkkyDoYgrpsRZkliOO7IdRggYmxNOVf93TjOFPsf9r0KrOa2_-IgFUQRu7m9V,"Yuki, the Cat Magic Knight #117750019",0.7,https://opensea.io/assets/0x67cbbb366a51fff9ad869d027e496ba49f5f6d55/117750019
26,ETH,https://lh3.googleusercontent.com/0ZIHLAw_95rVV0w0JqT-JXvqzaC6rfZ8LQw7X3tJchF47gjzCftxg55zKj8Ajwl74gI6WCT1KKpu6p4CxVciwO53,Spica #116400113,0.12,https://opensea.io/assets/0x67cbbb366a51fff9ad869d027e496ba49f5f6d55/116400113
27,ETH,https://lh3.googleusercontent.com/JaQTBLu1ynx38oZaQS7nWVmgePIljnEllAp9yOCm1LvWAlmGj8dDb3v_KihhoAy_mrl2l7NhSyGFf232zh1frtXj_w,Byakhee #117600067,0.08,https://opensea.io/assets/0x67cbbb366a51fff9ad869d027e496ba49f5f6d55/117600067
28,ETH,https://lh3.googleusercontent.com/G_rCqCza6NpUB5LxTweJkHv6fnWFDzDwBwWTbFkWf9_-V8g2qFHF7yL7bbNieHSSSyzvQmpiKqVK5b9BrVqGKgJl,Chain of Hearts #116450080,0.12,https://opensea.io/assets/0x67cbbb366a51fff9ad869d027e496ba49f5f6d55/116450080
29,ETH,https://storage.opensea.io/files/f379b32d65158178dc873e7a8e45836b.png,"Bahamut, the Dragon King #117550043",0.13,https://opensea.io/assets/0x67cbbb366a51fff9ad869d027e496ba49f5f6d55/117550043
30,ETH,https://lh3.googleusercontent.com/MRgoRwM64Tlr7wbHt-Vo1rWslGMfrrLJpdDNTJMmHDQ-hesWYvJhgzcYg0qk6njNmhOm8Emg6NWGxk4fN2OexXCs,Eli Superior #116100163,0.1602,https://opensea.io/assets/0x67cbbb366a51fff9ad869d027e496ba49f5f6d55/116100163
31,ETH,https://lh3.googleusercontent.com/26cvNN-1rLOAjtok8jzZDJk9GeSQTzBMkSdYLF_Z6RL8ETkYODqPqedu82qduHlyY_A-or_RYtFdbdiKm0IVK8m-hg,Aqua Chronus #116050161,0.2002,https://opensea.io/assets/0x67cbbb366a51fff9ad869d027e496ba49f5f6d55/116050161
32,ETH,https://lh3.googleusercontent.com/mqjtVH5AYkslAcRopUITXfsUD1_568Q0hjbLD6JTMBGXV2popxGN5Gg8t4Aa-UE-Po62E-FOvCehnoLH3x03ucZ2_A,"Amon, the Demon Prince #112600018",0.12,https://opensea.io/assets/0x67cbbb366a51fff9ad869d027e496ba49f5f6d55/112600018
33,ETH,https://lh3.googleusercontent.com/uh18BPwqd1k3e3_ZTTLZzF9jCepvxFjdCjJmo20Cb47GABfuuQUHaGT_zd_Zw28Lcvb9-zibF0vITU2sD_tVJyYj,Passion Wing #116000125,0.08,https://opensea.io/assets/0x67cbbb366a51fff9ad869d027e496ba49f5f6d55/116000125
34,ETH,https://lh3.googleusercontent.com/26cvNN-1rLOAjtok8jzZDJk9GeSQTzBMkSdYLF_Z6RL8ETkYODqPqedu82qduHlyY_A-or_RYtFdbdiKm0IVK8m-hg,Aqua Chronus #116050096,0.41,https://opensea.io/assets/0x67cbbb366a51fff9ad869d027e496ba49f5f6d55/116050096
35,ETH,https://lh3.googleusercontent.com/26cvNN-1rLOAjtok8jzZDJk9GeSQTzBMkSdYLF_Z6RL8ETkYODqPqedu82qduHlyY_A-or_RYtFdbdiKm0IVK8m-hg,Aqua Chronus #116050095,0.3,https://opensea.io/assets/0x67cbbb366a51fff9ad869d027e496ba49f5f6d55/116050095
36,ETH,https://lh3.googleusercontent.com/1B6Sk0YLPpP0YK-etY3itm_uzkTADWY5qnEXrezkiZlHdzI3vxCW0NzsSJKpK5DOuA8ktm5Fm1RN75aq9SoaRJeD0A,Passion Wing #116000027,0.04,https://opensea.io/assets/0x67cbbb366a51fff9ad869d027e496ba49f5f6d55/116000027
37,ETH,https://lh3.googleusercontent.com/TQBqwL9mM2lQKjIWBuosMqFRI6uUbpdklkRsFPaplBAYg1okt5XSi599u7OJvaPSMD_um4yWCArKnvY_rlvTs5s2BA,"【Unusable】Yuki, the Cat Magic Knight #115750096",0.1,https://opensea.io/assets/0x67cbbb366a51fff9ad869d027e496ba49f5f6d55/115750096
38,ETH,https://lh3.googleusercontent.com/TQBqwL9mM2lQKjIWBuosMqFRI6uUbpdklkRsFPaplBAYg1okt5XSi599u7OJvaPSMD_um4yWCArKnvY_rlvTs5s2BA,"【Unusable】Yuki, the Cat Magic Knight #115750058",0.05,https://opensea.io/assets/0x67cbbb366a51fff9ad869d027e496ba49f5f6d55/115750058
39,ETH,https://lh3.googleusercontent.com/TQBqwL9mM2lQKjIWBuosMqFRI6uUbpdklkRsFPaplBAYg1okt5XSi599u7OJvaPSMD_um4yWCArKnvY_rlvTs5s2BA,"【Unusable】Yuki, the Cat Magic Knight #115750051",0.1,https://opensea.io/assets/0x67cbbb366a51fff9ad869d027e496ba49f5f6d55/115750051
40,ETH,https://lh3.googleusercontent.com/phkhckbJXDIHOPN_UpcYMnqXTUvlGo95XtieOItKYjHVHEYiEACOQ9RWx2kqYl93trx55_lcfV6Zvs8pk9RdOCNK,"Pricia, True Beastmaster #115800063",0.04,https://opensea.io/assets/0x67cbbb366a51fff9ad869d027e496ba49f5f6d55/115800063
41,ETH,https://lh3.googleusercontent.com/NygaukPQ4qcP-9jnziVzdVwfAD3sm-Hk9x5WtgFrJhRe6mSuHSGTSNfzvnmJ5XTZaTJ-hzRAMwAi5nSOqosiRZs,"Pricia, True Beastmaster #115800062",0.07,https://opensea.io/assets/0x67cbbb366a51fff9ad869d027e496ba49f5f6d55/115800062
42,ETH,https://lh3.googleusercontent.com/A3AYxGPQTjRmZ7qVxexwtmgF2GEx7XzTXywYa0PDWymBqc4Afo6ofJFXLoSTaI8lb89l8bwWU4-FocZo6EClncyk,Haru Michelle #115350027,0.06,https://opensea.io/assets/0x67cbbb366a51fff9ad869d027e496ba49f5f6d55/115350027
43,ETH,https://lh3.googleusercontent.com/tTAlzAX1myVYgBdwyEL_Q35ynvf4uoMGYoI9jjcXKRDKMHZXYSm7YRWBjw_daNL-qkxLZ_iZTDH0CDKSLRvS6peGAA,Water Magic Stone #114200075,0.03,https://opensea.io/assets/0x67cbbb366a51fff9ad869d027e496ba49f5f6d55/114200075
44,ETH,https://lh3.googleusercontent.com/TkXXeS3JDrvrtLl6ZZDoMxyO3UVOp6wkziFM2ZJ9FeN0Vli5hJRQw8xiwLktvL7LEw1IkTR8XAMJJVPbhE4b6qcgdA,Casco Flave #115700049,0.2,https://opensea.io/assets/0x67cbbb366a51fff9ad869d027e496ba49f5f6d55/115700049
45,ETH,https://lh3.googleusercontent.com/KfMdsoJEBOWWwk-3r0cYlV9wDZJfjt7B3rxD8Md4ihvmO3_cmhcywVicSRK06knK-j4te9uRL34VxRxNa_KaTp2Q,Afternoon Ramie #115600016,0.07,https://opensea.io/assets/0x67cbbb366a51fff9ad869d027e496ba49f5f6d55/115600016
46,ETH,https://lh3.googleusercontent.com/AGzhoQMhthjj7TizCER9OPfH6xeJ73suIW2XtWOvxZXQRKccXN9oLZtOhOazJUsDoJGSc1-Gu6FdPPLqCvGBkRU_,"Surtr, the Blazing Giant #113250042",0.623,https://opensea.io/assets/0x67cbbb366a51fff9ad869d027e496ba49f5f6d55/113250042
47,ETH,https://lh3.googleusercontent.com/vZg6jLYnZ9unKD9y3pj11GfkbG3v7dCQyZ6DxnTrOiZYKH3Zh8QzkN7oKhOuVEW74_5TP6KfaM7gXFlZ8ZEkJ5Oh,Red-Haired Fencer #111050026,0.5,https://opensea.io/assets/0x67cbbb366a51fff9ad869d027e496ba49f5f6d55/111050026
48,ETH,https://lh3.googleusercontent.com/vRaLEw3td3adLrGN6YGYhbf1c0LAlGGZPpR5qukA7PKXr7Hfj6yectIfxyu46EUwrGa1z7gucaawR0mkKOBVSkQ,Wind Magic Stone #114300073,0.1,https://opensea.io/assets/0x67cbbb366a51fff9ad869d027e496ba49f5f6d55/114300073
49,ETH,https://lh3.googleusercontent.com/7hmdALzlJ2vxWsyO4WkKTEkF-NlvkRYMoHbCUACGPsBjO9oRaEK4U4vo3yWKdXRfH59udpz76LBa3vMx1FN171MG,Baihu #114750135,0.12,https://opensea.io/assets/0x67cbbb366a51fff9ad869d027e496ba49f5f6d55/114750135
50,ETH,https://lh3.googleusercontent.com/uYqL6eyCg2LpnhZXdYxGKJAF7HUdxSPrha0UAicl-xpDbGA7-JWcwRIJy59kZfbwgI9yi8IRnkopkGLNV4P56gXFIg,"Azazel, the Fallen Angel of Gloom #114700085",0.03,https://opensea.io/assets/0x67cbbb366a51fff9ad869d027e496ba49f5f6d55/114700085
51,ETH,https://lh3.googleusercontent.com/tTAlzAX1myVYgBdwyEL_Q35ynvf4uoMGYoI9jjcXKRDKMHZXYSm7YRWBjw_daNL-qkxLZ_iZTDH0CDKSLRvS6peGAA,Water Magic Stone #114200040,0.018,https://opensea.io/assets/0x67cbbb366a51fff9ad869d027e496ba49f5f6d55/114200040
52,ETH,https://lh3.googleusercontent.com/ZdDQXhKekokZxcLmvhpmQVuET_vpwi1VEgmpet8JlOICUMTJwr2O6PDMJ2ixgnynkBJZtpYCzMBq1QKWZNsp4aMk,Baihu #114750071,0.0267,https://opensea.io/assets/0x67cbbb366a51fff9ad869d027e496ba49f5f6d55/114750071
53,ETH,https://lh3.googleusercontent.com/-3_x2uv8nOWVDrld0Q_a-3Umd3yKzZrerEyHlGl1wSNegypJn544cByWlRAqsa2dZrToIXmWuv6bGuwPFtc_tw5Ffg,Bluish Purple Wing Dragon #114600013,0.05,https://opensea.io/assets/0x67cbbb366a51fff9ad869d027e496ba49f5f6d55/114600013
54,ETH,https://lh3.googleusercontent.com/iVl2cDiC0PlJzRY_T4Hy0bb62DoQJoe3IalaTMLybdpAcpOSU_Ic7LCArWVtjMyr9T3SsDGVauFeIEQjHRBVmX5d,Christmas Snowman #113600013,0.9,https://opensea.io/assets/0x67cbbb366a51fff9ad869d027e496ba49f5f6d55/113600013
55,ETH,https://lh3.googleusercontent.com/j6ziBwIfF1YMF49pFzMuAjpQr9r873vlU3kyLufRcL6XL_f12GoGdsRX59Dx0-Dp7sPzkHMq0mNbQa0ms5TAffc,"Evil Dragon, Hellblaze #113950042",0.2,https://opensea.io/assets/0x67cbbb366a51fff9ad869d027e496ba49f5f6d55/113950042
56,ETH,https://lh3.googleusercontent.com/j6ziBwIfF1YMF49pFzMuAjpQr9r873vlU3kyLufRcL6XL_f12GoGdsRX59Dx0-Dp7sPzkHMq0mNbQa0ms5TAffc,"Evil Dragon, Hellblaze #113950035",0.22,https://opensea.io/assets/0x67cbbb366a51fff9ad869d027e496ba49f5f6d55/113950035
57,ETH,https://lh3.googleusercontent.com/d3gTUYX0MfuYymE3JN9roo2-oPf4Cs-1CcTlpKMSMHWZswT94W8weYNXIFbuwIFKfPkhZx7FWgyJjTpSfJJ7M3VerQ,Clara Shurei #113700012,0.4,https://opensea.io/assets/0x67cbbb366a51fff9ad869d027e496ba49f5f6d55/113700012
58,ETH,https://lh3.googleusercontent.com/d7-N0mQxHbauhUaTn5vSl1PURw9gxEs-xfVqZx3WnRyyDJ8UBbkH4VUFxsYQ81uCJ3qb9-WfTCnVp0nfuae4gT4jbw,Qing Long #114000108,0.02,https://opensea.io/assets/0x67cbbb366a51fff9ad869d027e496ba49f5f6d55/114000108
59,ETH,https://lh3.googleusercontent.com/6c-Wk-dxi8gGosR_rfmGeh3XgGPjkLHv-tgo3hmLXiQCeQuJGrnTTqCzdXrIs8AZOLPN6YW7dVaYNhOgQv9_M8w,Qing Long #114000104,0.1,https://opensea.io/assets/0x67cbbb366a51fff9ad869d027e496ba49f5f6d55/114000104
60,ETH,https://lh3.googleusercontent.com/6c-Wk-dxi8gGosR_rfmGeh3XgGPjkLHv-tgo3hmLXiQCeQuJGrnTTqCzdXrIs8AZOLPN6YW7dVaYNhOgQv9_M8w,Qing Long #114000070,0.07,https://opensea.io/assets/0x67cbbb366a51fff9ad869d027e496ba49f5f6d55/114000070
61,ETH,https://lh3.googleusercontent.com/6c-Wk-dxi8gGosR_rfmGeh3XgGPjkLHv-tgo3hmLXiQCeQuJGrnTTqCzdXrIs8AZOLPN6YW7dVaYNhOgQv9_M8w,Qing Long #114000066,0.07,https://opensea.io/assets/0x67cbbb366a51fff9ad869d027e496ba49f5f6d55/114000066
62,ETH,https://lh3.googleusercontent.com/ka8RWB4US6oiMum3SskT6CiBHyE_M_u2mUU_t-RRGXX47Ms6Sg2ZnaeFiDAOsEGqN8g1I66rgK5yw7RXIxQXWkp4,"Illsory Demonic Glove, the Earth #113550010",0.19,https://opensea.io/assets/0x67cbbb366a51fff9ad869d027e496ba49f5f6d55/113550010
63,ETH,https://lh3.googleusercontent.com/Qsr4jo8NlQWf-II3sFHk8M-QdE3P_a8qevV5G6EC5nAYZgQyytvvlmcJyKIQ0fjl71bVxKngjnOIzt9xEZ_ylr0,Hameln #113400184,0.095,https://opensea.io/assets/0x67cbbb366a51fff9ad869d027e496ba49f5f6d55/113400184
64,ETH,https://lh3.googleusercontent.com/qQzt-JzIb7FP0zvoXoEPawNccI4rpsdINyUovyGVrU_WEgyJaUvmhMMUBX6hoM0COfsIJVbk_YtIFs1DT6ZGwLSEkg,Collecting in Autumn #113500068,0.05,https://opensea.io/assets/0x67cbbb366a51fff9ad869d027e496ba49f5f6d55/113500068
65,ETH,https://lh3.googleusercontent.com/qQzt-JzIb7FP0zvoXoEPawNccI4rpsdINyUovyGVrU_WEgyJaUvmhMMUBX6hoM0COfsIJVbk_YtIFs1DT6ZGwLSEkg,Collecting in Autumn #113500030,0.02,https://opensea.io/assets/0x67cbbb366a51fff9ad869d027e496ba49f5f6d55/113500030
66,ETH,https://lh3.googleusercontent.com/jkLBkVwp8THZRT4Pc14b-oOxfj3GzbL1NL3BKhBofkTrD6tw99ed-_ouaJincRFPjcQueelykOlmsfTdj1Vlknqj,Huanglong #113450084,0.11,https://opensea.io/assets/0x67cbbb366a51fff9ad869d027e496ba49f5f6d55/113450084
67,ETH,https://lh3.googleusercontent.com/Qsr4jo8NlQWf-II3sFHk8M-QdE3P_a8qevV5G6EC5nAYZgQyytvvlmcJyKIQ0fjl71bVxKngjnOIzt9xEZ_ylr0,Hameln #113400009,0.095,https://opensea.io/assets/0x67cbbb366a51fff9ad869d027e496ba49f5f6d55/113400009
68,ETH,https://lh3.googleusercontent.com/mk3-PmTkKEwSixbks2XL5ECbNFl2-5MbLjWRqvjueL0KLJDhkDFIzztAHkLZ0opC4C29knB7JoCMsCPboCi-CnXnSQ,Panda Magician #113000051,0.03,https://opensea.io/assets/0x67cbbb366a51fff9ad869d027e496ba49f5f6d55/113000051
69,ETH,https://lh3.googleusercontent.com/Df1_JQsmImuqXXORWT5cnu5895f4_gVGuM37AWlTwdHi9EB0GuAQog3NzhaBBJt8mwT86jiZbFWGncArtQa75Zxg,Mane of Flame #111450010,0.25,https://opensea.io/assets/0x67cbbb366a51fff9ad869d027e496ba49f5f6d55/111450010
70,ETH,https://lh3.googleusercontent.com/RyUr8tvVJ3_MPi-NzOIyF3vYEpBs1D9f_58wFK2-UIZPW6ih0wqeq1bwQCeO_xqwpDOZDDTO7UeyqWFDF3PXwGH4Sw,Succubus #112900077,3.0,https://opensea.io/assets/0x67cbbb366a51fff9ad869d027e496ba49f5f6d55/112900077
71,ETH,https://lh3.googleusercontent.com/mqjtVH5AYkslAcRopUITXfsUD1_568Q0hjbLD6JTMBGXV2popxGN5Gg8t4Aa-UE-Po62E-FOvCehnoLH3x03ucZ2_A,"Amon, the Demon Prince #112600341",0.12,https://opensea.io/assets/0x67cbbb366a51fff9ad869d027e496ba49f5f6d55/112600341
72,ETH,https://lh3.googleusercontent.com/4GRfQc-GOmEU684s2qOVCqKtMKTBGyqWYMiedRPJMk3FOX7JzclSUDRa5fDD_EvDKBSh32edMYEU10xc2T9A4Q8tag,"Osiris, the God of Grave #112550239",0.148,https://opensea.io/assets/0x67cbbb366a51fff9ad869d027e496ba49f5f6d55/112550239
73,ETH,https://lh3.googleusercontent.com/4GRfQc-GOmEU684s2qOVCqKtMKTBGyqWYMiedRPJMk3FOX7JzclSUDRa5fDD_EvDKBSh32edMYEU10xc2T9A4Q8tag,"Osiris, the God of Grave #112550206",0.165,https://opensea.io/assets/0x67cbbb366a51fff9ad869d027e496ba49f5f6d55/112550206
74,ETH,https://lh3.googleusercontent.com/WnXdnZEzgUt7JIw1OSC5_HGkRgMYCQ8xAOpx-8qkf55CgBTLhrp_x3zTe4KFNsQtlwlHV_uKL1OkLnDCjVbFNbU,Autumn Leaves Fairy #112650095,0.05,https://opensea.io/assets/0x67cbbb366a51fff9ad869d027e496ba49f5f6d55/112650095
75,ETH,https://lh3.googleusercontent.com/JaqSx3VgXzZXdAVoX2qzjo9PdKam6ivWbjRiRA1q8eJ2YQE_cKDS7Qqucg5hZXN4vUI4we3vT_yjWVVvXRtE2opA,Autumn Leaves Fairy #112650084,0.28,https://opensea.io/assets/0x67cbbb366a51fff9ad869d027e496ba49f5f6d55/112650084
76,ETH,https://lh3.googleusercontent.com/JaqSx3VgXzZXdAVoX2qzjo9PdKam6ivWbjRiRA1q8eJ2YQE_cKDS7Qqucg5hZXN4vUI4we3vT_yjWVVvXRtE2opA,Autumn Leaves Fairy #112650034,0.24,https://opensea.io/assets/0x67cbbb366a51fff9ad869d027e496ba49f5f6d55/112650034
77,ETH,https://lh3.googleusercontent.com/WnXdnZEzgUt7JIw1OSC5_HGkRgMYCQ8xAOpx-8qkf55CgBTLhrp_x3zTe4KFNsQtlwlHV_uKL1OkLnDCjVbFNbU,Autumn Leaves Fairy #112650020,0.05,https://opensea.io/assets/0x67cbbb366a51fff9ad869d027e496ba49f5f6d55/112650020
78,ETH,https://lh3.googleusercontent.com/JaqSx3VgXzZXdAVoX2qzjo9PdKam6ivWbjRiRA1q8eJ2YQE_cKDS7Qqucg5hZXN4vUI4we3vT_yjWVVvXRtE2opA,Autumn Leaves Fairy #112650014,0.12,https://opensea.io/assets/0x67cbbb366a51fff9ad869d027e496ba49f5f6d55/112650014
79,ETH,https://lh3.googleusercontent.com/4GRfQc-GOmEU684s2qOVCqKtMKTBGyqWYMiedRPJMk3FOX7JzclSUDRa5fDD_EvDKBSh32edMYEU10xc2T9A4Q8tag,"Osiris, the God of Grave #112550174",0.22,https://opensea.io/assets/0x67cbbb366a51fff9ad869d027e496ba49f5f6d55/112550174
80,ETH,https://lh3.googleusercontent.com/4GRfQc-GOmEU684s2qOVCqKtMKTBGyqWYMiedRPJMk3FOX7JzclSUDRa5fDD_EvDKBSh32edMYEU10xc2T9A4Q8tag,"Osiris, the God of Grave #112550173",0.14,https://opensea.io/assets/0x67cbbb366a51fff9ad869d027e496ba49f5f6d55/112550173
81,ETH,https://lh3.googleusercontent.com/mqjtVH5AYkslAcRopUITXfsUD1_568Q0hjbLD6JTMBGXV2popxGN5Gg8t4Aa-UE-Po62E-FOvCehnoLH3x03ucZ2_A,"Amon, the Demon Prince #112600178",0.16,https://opensea.io/assets/0x67cbbb366a51fff9ad869d027e496ba49f5f6d55/112600178
82,ETH,https://lh3.googleusercontent.com/yVcd1tlAfKUgAHiTk7888cS1A_xRnm-2dyPWW0LU6zQax1GppCYfRgUhQo_y-97DMqf2d98jT2vmMwH6wxTi8YCg-Q,Hot air Griffin #112150121,0.15,https://opensea.io/assets/0x67cbbb366a51fff9ad869d027e496ba49f5f6d55/112150121
83,ETH,https://lh3.googleusercontent.com/jpajoiJlY1DqCSzG79kW5Ng86cwhOa4D7JCZNVZOe6dI7B2doiiVmB3q969i-acwbX7EdmUTTct5lB3zuMlt65S2,Puss in Boots #112500319,0.06,https://opensea.io/assets/0x67cbbb366a51fff9ad869d027e496ba49f5f6d55/112500319
84,ETH,https://lh3.googleusercontent.com/jpajoiJlY1DqCSzG79kW5Ng86cwhOa4D7JCZNVZOe6dI7B2doiiVmB3q969i-acwbX7EdmUTTct5lB3zuMlt65S2,Puss in Boots #112500314,0.0279,https://opensea.io/assets/0x67cbbb366a51fff9ad869d027e496ba49f5f6d55/112500314
85,ETH,https://lh3.googleusercontent.com/kP3GllQ6ygpVvcp5ot3Jn_-14Hllceo1fFtJk5MfyHL2ariQAXIolXPJihlOBDbKWXrczOJZMSgdUmtd_x4eg5Vl3w,Puss in Boots #112500300,0.12,https://opensea.io/assets/0x67cbbb366a51fff9ad869d027e496ba49f5f6d55/112500300
86,ETH,https://lh3.googleusercontent.com/kP3GllQ6ygpVvcp5ot3Jn_-14Hllceo1fFtJk5MfyHL2ariQAXIolXPJihlOBDbKWXrczOJZMSgdUmtd_x4eg5Vl3w,Puss in Boots #112500291,0.115,https://opensea.io/assets/0x67cbbb366a51fff9ad869d027e496ba49f5f6d55/112500291
87,ETH,https://lh3.googleusercontent.com/ZsiLTUBZhdHs3XaA4fyuf2BtI0RIOVqT1oxrHTuSUVoGI_lO75IGUt536zvqmVbiP90v5KOceLej0HX2FOniV6xY,Wave Rider Little Mermaid #111500292,0.12,https://opensea.io/assets/0x67cbbb366a51fff9ad869d027e496ba49f5f6d55/111500292
88,ETH,https://lh3.googleusercontent.com/ZsiLTUBZhdHs3XaA4fyuf2BtI0RIOVqT1oxrHTuSUVoGI_lO75IGUt536zvqmVbiP90v5KOceLej0HX2FOniV6xY,Wave Rider Little Mermaid #111500273,0.15,https://opensea.io/assets/0x67cbbb366a51fff9ad869d027e496ba49f5f6d55/111500273
89,ETH,https://lh3.googleusercontent.com/ZsiLTUBZhdHs3XaA4fyuf2BtI0RIOVqT1oxrHTuSUVoGI_lO75IGUt536zvqmVbiP90v5KOceLej0HX2FOniV6xY,Wave Rider Little Mermaid #111500261,0.078,https://opensea.io/assets/0x67cbbb366a51fff9ad869d027e496ba49f5f6d55/111500261
90,ETH,https://lh3.googleusercontent.com/jpajoiJlY1DqCSzG79kW5Ng86cwhOa4D7JCZNVZOe6dI7B2doiiVmB3q969i-acwbX7EdmUTTct5lB3zuMlt65S2,Puss in Boots #112500207,0.034,https://opensea.io/assets/0x67cbbb366a51fff9ad869d027e496ba49f5f6d55/112500207
91,ETH,https://lh3.googleusercontent.com/ZsiLTUBZhdHs3XaA4fyuf2BtI0RIOVqT1oxrHTuSUVoGI_lO75IGUt536zvqmVbiP90v5KOceLej0HX2FOniV6xY,Wave Rider Little Mermaid #111500194,0.21,https://opensea.io/assets/0x67cbbb366a51fff9ad869d027e496ba49f5f6d55/111500194
92,ETH,https://lh3.googleusercontent.com/BS4d83lz3Jr6IBxZiMWT7C5L1DeymZYtsFc1sUWVwd3HsmQsfl9wVyNe3tNzXeKPxXpx2XSp5asTnJDPsMYv9qI,Vampire Road #110900401,0.06,https://opensea.io/assets/0x67cbbb366a51fff9ad869d027e496ba49f5f6d55/110900401
93,ETH,https://lh3.googleusercontent.com/BS4d83lz3Jr6IBxZiMWT7C5L1DeymZYtsFc1sUWVwd3HsmQsfl9wVyNe3tNzXeKPxXpx2XSp5asTnJDPsMYv9qI,Vampire Road #110900397,0.055,https://opensea.io/assets/0x67cbbb366a51fff9ad869d027e496ba49f5f6d55/110900397
94,ETH,https://lh3.googleusercontent.com/ZsiLTUBZhdHs3XaA4fyuf2BtI0RIOVqT1oxrHTuSUVoGI_lO75IGUt536zvqmVbiP90v5KOceLej0HX2FOniV6xY,Wave Rider Little Mermaid #111500096,0.13,https://opensea.io/assets/0x67cbbb366a51fff9ad869d027e496ba49f5f6d55/111500096
95,ETH,https://lh3.googleusercontent.com/Qqj8vah_CKt9vGYEZ_vd0gBGkZvjSIOvkhx7FGUCLpsjjzNMv7CHBnoQqywuTEfTs0pQyqNOD_UhrRRFHcDyvA,Ouroboros #111350384,0.1,https://opensea.io/assets/0x67cbbb366a51fff9ad869d027e496ba49f5f6d55/111350384
96,ETH,https://lh3.googleusercontent.com/Qqj8vah_CKt9vGYEZ_vd0gBGkZvjSIOvkhx7FGUCLpsjjzNMv7CHBnoQqywuTEfTs0pQyqNOD_UhrRRFHcDyvA,Ouroboros #111350373,0.09,https://opensea.io/assets/0x67cbbb366a51fff9ad869d027e496ba49f5f6d55/111350373
97,ETH,https://lh3.googleusercontent.com/Qqj8vah_CKt9vGYEZ_vd0gBGkZvjSIOvkhx7FGUCLpsjjzNMv7CHBnoQqywuTEfTs0pQyqNOD_UhrRRFHcDyvA,Ouroboros #111350322,0.04,https://opensea.io/assets/0x67cbbb366a51fff9ad869d027e496ba49f5f6d55/111350322
98,ETH,https://lh3.googleusercontent.com/Qqj8vah_CKt9vGYEZ_vd0gBGkZvjSIOvkhx7FGUCLpsjjzNMv7CHBnoQqywuTEfTs0pQyqNOD_UhrRRFHcDyvA,Ouroboros #111350313,0.2,https://opensea.io/assets/0x67cbbb366a51fff9ad869d027e496ba49f5f6d55/111350313
99,ETH,https://lh3.googleusercontent.com/Qqj8vah_CKt9vGYEZ_vd0gBGkZvjSIOvkhx7FGUCLpsjjzNMv7CHBnoQqywuTEfTs0pQyqNOD_UhrRRFHcDyvA,Ouroboros #111350291,0.07,https://opensea.io/assets/0x67cbbb366a51fff9ad869d027e496ba49f5f6d55/111350291
100,ETH,https://lh3.googleusercontent.com/Qqj8vah_CKt9vGYEZ_vd0gBGkZvjSIOvkhx7FGUCLpsjjzNMv7CHBnoQqywuTEfTs0pQyqNOD_UhrRRFHcDyvA,Ouroboros #111350287,0.12,https://opensea.io/assets/0x67cbbb366a51fff9ad869d027e496ba49f5f6d55/111350287
101,ETH,https://lh3.googleusercontent.com/Qqj8vah_CKt9vGYEZ_vd0gBGkZvjSIOvkhx7FGUCLpsjjzNMv7CHBnoQqywuTEfTs0pQyqNOD_UhrRRFHcDyvA,Ouroboros #111350283,0.1,https://opensea.io/assets/0x67cbbb366a51fff9ad869d027e496ba49f5f6d55/111350283
102,ETH,https://lh3.googleusercontent.com/Qqj8vah_CKt9vGYEZ_vd0gBGkZvjSIOvkhx7FGUCLpsjjzNMv7CHBnoQqywuTEfTs0pQyqNOD_UhrRRFHcDyvA,Ouroboros #111350174,0.06,https://opensea.io/assets/0x67cbbb366a51fff9ad869d027e496ba49f5f6d55/111350174
103,ETH,https://lh3.googleusercontent.com/Qqj8vah_CKt9vGYEZ_vd0gBGkZvjSIOvkhx7FGUCLpsjjzNMv7CHBnoQqywuTEfTs0pQyqNOD_UhrRRFHcDyvA,Ouroboros #111350159,0.05,https://opensea.io/assets/0x67cbbb366a51fff9ad869d027e496ba49f5f6d55/111350159
104,ETH,https://lh3.googleusercontent.com/Qqj8vah_CKt9vGYEZ_vd0gBGkZvjSIOvkhx7FGUCLpsjjzNMv7CHBnoQqywuTEfTs0pQyqNOD_UhrRRFHcDyvA,Ouroboros #111350135,0.04,https://opensea.io/assets/0x67cbbb366a51fff9ad869d027e496ba49f5f6d55/111350135
105,ETH,https://lh3.googleusercontent.com/Qqj8vah_CKt9vGYEZ_vd0gBGkZvjSIOvkhx7FGUCLpsjjzNMv7CHBnoQqywuTEfTs0pQyqNOD_UhrRRFHcDyvA,Ouroboros #111350092,0.15,https://opensea.io/assets/0x67cbbb366a51fff9ad869d027e496ba49f5f6d55/111350092
106,ETH,https://lh3.googleusercontent.com/Qqj8vah_CKt9vGYEZ_vd0gBGkZvjSIOvkhx7FGUCLpsjjzNMv7CHBnoQqywuTEfTs0pQyqNOD_UhrRRFHcDyvA,Ouroboros #111350080,0.04,https://opensea.io/assets/0x67cbbb366a51fff9ad869d027e496ba49f5f6d55/111350080
107,ETH,https://lh3.googleusercontent.com/Qqj8vah_CKt9vGYEZ_vd0gBGkZvjSIOvkhx7FGUCLpsjjzNMv7CHBnoQqywuTEfTs0pQyqNOD_UhrRRFHcDyvA,Ouroboros #111350073,0.04,https://opensea.io/assets/0x67cbbb366a51fff9ad869d027e496ba49f5f6d55/111350073
108,ETH,https://lh3.googleusercontent.com/Qqj8vah_CKt9vGYEZ_vd0gBGkZvjSIOvkhx7FGUCLpsjjzNMv7CHBnoQqywuTEfTs0pQyqNOD_UhrRRFHcDyvA,Ouroboros #111350066,0.12,https://opensea.io/assets/0x67cbbb366a51fff9ad869d027e496ba49f5f6d55/111350066
109,ETH,https://lh3.googleusercontent.com/Qqj8vah_CKt9vGYEZ_vd0gBGkZvjSIOvkhx7FGUCLpsjjzNMv7CHBnoQqywuTEfTs0pQyqNOD_UhrRRFHcDyvA,Ouroboros #111350035,0.04,https://opensea.io/assets/0x67cbbb366a51fff9ad869d027e496ba49f5f6d55/111350035
110,ETH,https://lh3.googleusercontent.com/Qqj8vah_CKt9vGYEZ_vd0gBGkZvjSIOvkhx7FGUCLpsjjzNMv7CHBnoQqywuTEfTs0pQyqNOD_UhrRRFHcDyvA,Ouroboros #111350020,0.1,https://opensea.io/assets/0x67cbbb366a51fff9ad869d027e496ba49f5f6d55/111350020
111,ETH,https://lh3.googleusercontent.com/_IerXDURlhKPsS-V9NbdZiKq8moHMrUxuHfvCTx5Fb6hFA5yTjpxrgLMu7d-roE5-h00XMuJ6lfUrsnkMOzBve0x,The Emperor with New Clothes #111300205,0.2,https://opensea.io/assets/0x67cbbb366a51fff9ad869d027e496ba49f5f6d55/111300205
112,ETH,https://lh3.googleusercontent.com/_IerXDURlhKPsS-V9NbdZiKq8moHMrUxuHfvCTx5Fb6hFA5yTjpxrgLMu7d-roE5-h00XMuJ6lfUrsnkMOzBve0x,The Emperor with New Clothes #111300201,0.2,https://opensea.io/assets/0x67cbbb366a51fff9ad869d027e496ba49f5f6d55/111300201
113,ETH,https://lh3.googleusercontent.com/thNsUFTdA3Tj4BNHeE9-O8my7bnHmjsZrOOOSgTVsfdq66w59fcGS24HmZXqNJUUhXfv0oZawfd3GG_IZNf2W48,The Emperor with New Clothes #111300105,0.035,https://opensea.io/assets/0x67cbbb366a51fff9ad869d027e496ba49f5f6d55/111300105
114,ETH,https://lh3.googleusercontent.com/Yv3qCYRzObv_qNex-OCSYva_lHrnbTcwX0BVQxLjoRpkoZkIQeeRsp9I5bQz7V2qctFzA5TeEjgFjWnZhDJ8t5n0,Collecting in Summer #112200007,0.09,https://opensea.io/assets/0x67cbbb366a51fff9ad869d027e496ba49f5f6d55/112200007
115,ETH,https://lh3.googleusercontent.com/Qc-3Y4-v2pEB4K-1ds1DiJ8ATph5eT4N6MgIbg4Tl1-5Q-vslFX78fr12MjcNqr4NW1x97EjQ6ZICEo2kRCs7vvu,Killer Sweet #111150417,0.35,https://opensea.io/assets/0x67cbbb366a51fff9ad869d027e496ba49f5f6d55/111150417
116,ETH,https://lh3.googleusercontent.com/q9s-iUWWL__1RrJoOc9hmMiPPVil_lOOHS42gPmlp_pVJZTCHfNwO-806KQW_e9D8X7fvALy7GXrveg3o8hd2GGK,Princess Blossom #111000015,4.6,https://opensea.io/assets/0x67cbbb366a51fff9ad869d027e496ba49f5f6d55/111000015
117,ETH,https://lh3.googleusercontent.com/Qc-3Y4-v2pEB4K-1ds1DiJ8ATph5eT4N6MgIbg4Tl1-5Q-vslFX78fr12MjcNqr4NW1x97EjQ6ZICEo2kRCs7vvu,Killer Sweet #111150335,0.21,https://opensea.io/assets/0x67cbbb366a51fff9ad869d027e496ba49f5f6d55/111150335
118,ETH,https://lh3.googleusercontent.com/Qc-3Y4-v2pEB4K-1ds1DiJ8ATph5eT4N6MgIbg4Tl1-5Q-vslFX78fr12MjcNqr4NW1x97EjQ6ZICEo2kRCs7vvu,Killer Sweet #111150203,0.21,https://opensea.io/assets/0x67cbbb366a51fff9ad869d027e496ba49f5f6d55/111150203
119,ETH,https://lh3.googleusercontent.com/U-RIm7bfwyRI1t9TZTr9o7NjcvNAC05OWB9PnupMkN6rmVXlvuR_SUDj3i8Mh4XKBbEIHFYpXJUXL_SMbrb-NCE,Killer Sweet #111150168,0.2,https://opensea.io/assets/0x67cbbb366a51fff9ad869d027e496ba49f5f6d55/111150168
120,ETH,https://lh3.googleusercontent.com/Qc-3Y4-v2pEB4K-1ds1DiJ8ATph5eT4N6MgIbg4Tl1-5Q-vslFX78fr12MjcNqr4NW1x97EjQ6ZICEo2kRCs7vvu,Killer Sweet #111150164,0.2,https://opensea.io/assets/0x67cbbb366a51fff9ad869d027e496ba49f5f6d55/111150164
121,ETH,https://lh3.googleusercontent.com/Qc-3Y4-v2pEB4K-1ds1DiJ8ATph5eT4N6MgIbg4Tl1-5Q-vslFX78fr12MjcNqr4NW1x97EjQ6ZICEo2kRCs7vvu,Killer Sweet #111150154,0.22,https://opensea.io/assets/0x67cbbb366a51fff9ad869d027e496ba49f5f6d55/111150154
122,ETH,https://lh3.googleusercontent.com/HrV5iKG3PyMohciv4ogXpXMMIzTn49YQptjeZRAPun9k97dkQnTFCaVCwUiI2abAfo3j7nJ_9dUOExx3_Pf79eU,Shimariskr #112050011,0.7,https://opensea.io/assets/0x67cbbb366a51fff9ad869d027e496ba49f5f6d55/112050011
123,ETH,https://lh3.googleusercontent.com/BS4d83lz3Jr6IBxZiMWT7C5L1DeymZYtsFc1sUWVwd3HsmQsfl9wVyNe3tNzXeKPxXpx2XSp5asTnJDPsMYv9qI,Vampire Road #110900643,0.35,https://opensea.io/assets/0x67cbbb366a51fff9ad869d027e496ba49f5f6d55/110900643
124,ETH,https://lh3.googleusercontent.com/02kUhDg1EqYQSaH-5jsy5jDg9aKFXWWvU0s4yXjZT0AtEraXcsoEh6hLOlpzGy1NjuQv_g4jjVOC8fxaQKKlWQYQ,Moshobo #110750614,0.24,https://opensea.io/assets/0x67cbbb366a51fff9ad869d027e496ba49f5f6d55/110750614
125,ETH,https://lh3.googleusercontent.com/qwj50akR0coEab_Rw36glLRbkwtTLhElqyYFp54W_HGwkjup9RmTz7yKdoo82L9v3uEej0app4-pPdMgf40JbhE,Minerva #110800610,0.24,https://opensea.io/assets/0x67cbbb366a51fff9ad869d027e496ba49f5f6d55/110800610
126,ETH,https://lh3.googleusercontent.com/BS4d83lz3Jr6IBxZiMWT7C5L1DeymZYtsFc1sUWVwd3HsmQsfl9wVyNe3tNzXeKPxXpx2XSp5asTnJDPsMYv9qI,Vampire Road #110900625,0.048,https://opensea.io/assets/0x67cbbb366a51fff9ad869d027e496ba49f5f6d55/110900625
127,ETH,https://lh3.googleusercontent.com/02kUhDg1EqYQSaH-5jsy5jDg9aKFXWWvU0s4yXjZT0AtEraXcsoEh6hLOlpzGy1NjuQv_g4jjVOC8fxaQKKlWQYQ,Moshobo #110750605,0.4,https://opensea.io/assets/0x67cbbb366a51fff9ad869d027e496ba49f5f6d55/110750605
128,ETH,https://lh3.googleusercontent.com/02kUhDg1EqYQSaH-5jsy5jDg9aKFXWWvU0s4yXjZT0AtEraXcsoEh6hLOlpzGy1NjuQv_g4jjVOC8fxaQKKlWQYQ,Moshobo #110750604,0.4,https://opensea.io/assets/0x67cbbb366a51fff9ad869d027e496ba49f5f6d55/110750604
129,ETH,https://lh3.googleusercontent.com/02kUhDg1EqYQSaH-5jsy5jDg9aKFXWWvU0s4yXjZT0AtEraXcsoEh6hLOlpzGy1NjuQv_g4jjVOC8fxaQKKlWQYQ,Moshobo #110750601,0.1,https://opensea.io/assets/0x67cbbb366a51fff9ad869d027e496ba49f5f6d55/110750601
130,ETH,https://lh3.googleusercontent.com/BS4d83lz3Jr6IBxZiMWT7C5L1DeymZYtsFc1sUWVwd3HsmQsfl9wVyNe3tNzXeKPxXpx2XSp5asTnJDPsMYv9qI,Vampire Road #110900612,0.058,https://opensea.io/assets/0x67cbbb366a51fff9ad869d027e496ba49f5f6d55/110900612
131,ETH,https://lh3.googleusercontent.com/02kUhDg1EqYQSaH-5jsy5jDg9aKFXWWvU0s4yXjZT0AtEraXcsoEh6hLOlpzGy1NjuQv_g4jjVOC8fxaQKKlWQYQ,Moshobo #110750583,0.1,https://opensea.io/assets/0x67cbbb366a51fff9ad869d027e496ba49f5f6d55/110750583
132,ETH,https://lh3.googleusercontent.com/BS4d83lz3Jr6IBxZiMWT7C5L1DeymZYtsFc1sUWVwd3HsmQsfl9wVyNe3tNzXeKPxXpx2XSp5asTnJDPsMYv9qI,Vampire Road #110900595,0.065,https://opensea.io/assets/0x67cbbb366a51fff9ad869d027e496ba49f5f6d55/110900595
133,ETH,https://lh3.googleusercontent.com/BS4d83lz3Jr6IBxZiMWT7C5L1DeymZYtsFc1sUWVwd3HsmQsfl9wVyNe3tNzXeKPxXpx2XSp5asTnJDPsMYv9qI,Vampire Road #110900588,0.07,https://opensea.io/assets/0x67cbbb366a51fff9ad869d027e496ba49f5f6d55/110900588
134,ETH,https://lh3.googleusercontent.com/BS4d83lz3Jr6IBxZiMWT7C5L1DeymZYtsFc1sUWVwd3HsmQsfl9wVyNe3tNzXeKPxXpx2XSp5asTnJDPsMYv9qI,Vampire Road #110900587,0.05,https://opensea.io/assets/0x67cbbb366a51fff9ad869d027e496ba49f5f6d55/110900587
135,ETH,https://lh3.googleusercontent.com/BS4d83lz3Jr6IBxZiMWT7C5L1DeymZYtsFc1sUWVwd3HsmQsfl9wVyNe3tNzXeKPxXpx2XSp5asTnJDPsMYv9qI,Vampire Road #110900583,0.044,https://opensea.io/assets/0x67cbbb366a51fff9ad869d027e496ba49f5f6d55/110900583
136,ETH,https://lh3.googleusercontent.com/02kUhDg1EqYQSaH-5jsy5jDg9aKFXWWvU0s4yXjZT0AtEraXcsoEh6hLOlpzGy1NjuQv_g4jjVOC8fxaQKKlWQYQ,Moshobo #110750560,0.05,https://opensea.io/assets/0x67cbbb366a51fff9ad869d027e496ba49f5f6d55/110750560
137,ETH,https://lh3.googleusercontent.com/02kUhDg1EqYQSaH-5jsy5jDg9aKFXWWvU0s4yXjZT0AtEraXcsoEh6hLOlpzGy1NjuQv_g4jjVOC8fxaQKKlWQYQ,Moshobo #110750557,0.2,https://opensea.io/assets/0x67cbbb366a51fff9ad869d027e496ba49f5f6d55/110750557
138,ETH,https://lh3.googleusercontent.com/qwj50akR0coEab_Rw36glLRbkwtTLhElqyYFp54W_HGwkjup9RmTz7yKdoo82L9v3uEej0app4-pPdMgf40JbhE,Minerva #110800548,0.18,https://opensea.io/assets/0x67cbbb366a51fff9ad869d027e496ba49f5f6d55/110800548
139,ETH,https://lh3.googleusercontent.com/02kUhDg1EqYQSaH-5jsy5jDg9aKFXWWvU0s4yXjZT0AtEraXcsoEh6hLOlpzGy1NjuQv_g4jjVOC8fxaQKKlWQYQ,Moshobo #110750553,0.18,https://opensea.io/assets/0x67cbbb366a51fff9ad869d027e496ba49f5f6d55/110750553
140,ETH,https://lh3.googleusercontent.com/BS4d83lz3Jr6IBxZiMWT7C5L1DeymZYtsFc1sUWVwd3HsmQsfl9wVyNe3tNzXeKPxXpx2XSp5asTnJDPsMYv9qI,Vampire Road #110900576,0.19,https://opensea.io/assets/0x67cbbb366a51fff9ad869d027e496ba49f5f6d55/110900576
141,ETH,https://lh3.googleusercontent.com/BS4d83lz3Jr6IBxZiMWT7C5L1DeymZYtsFc1sUWVwd3HsmQsfl9wVyNe3tNzXeKPxXpx2XSp5asTnJDPsMYv9qI,Vampire Road #110900574,0.095,https://opensea.io/assets/0x67cbbb366a51fff9ad869d027e496ba49f5f6d55/110900574
142,ETH,https://lh3.googleusercontent.com/qwj50akR0coEab_Rw36glLRbkwtTLhElqyYFp54W_HGwkjup9RmTz7yKdoo82L9v3uEej0app4-pPdMgf40JbhE,Minerva #110800538,0.167,https://opensea.io/assets/0x67cbbb366a51fff9ad869d027e496ba49f5f6d55/110800538
143,ETH,https://lh3.googleusercontent.com/BS4d83lz3Jr6IBxZiMWT7C5L1DeymZYtsFc1sUWVwd3HsmQsfl9wVyNe3tNzXeKPxXpx2XSp5asTnJDPsMYv9qI,Vampire Road #110900562,0.15,https://opensea.io/assets/0x67cbbb366a51fff9ad869d027e496ba49f5f6d55/110900562
144,ETH,https://lh3.googleusercontent.com/qwj50akR0coEab_Rw36glLRbkwtTLhElqyYFp54W_HGwkjup9RmTz7yKdoo82L9v3uEej0app4-pPdMgf40JbhE,Minerva #110800530,0.12,https://opensea.io/assets/0x67cbbb366a51fff9ad869d027e496ba49f5f6d55/110800530
145,ETH,https://lh3.googleusercontent.com/qwj50akR0coEab_Rw36glLRbkwtTLhElqyYFp54W_HGwkjup9RmTz7yKdoo82L9v3uEej0app4-pPdMgf40JbhE,Minerva #110800526,0.1,https://opensea.io/assets/0x67cbbb366a51fff9ad869d027e496ba49f5f6d55/110800526
146,ETH,https://lh3.googleusercontent.com/02kUhDg1EqYQSaH-5jsy5jDg9aKFXWWvU0s4yXjZT0AtEraXcsoEh6hLOlpzGy1NjuQv_g4jjVOC8fxaQKKlWQYQ,Moshobo #110750531,0.05,https://opensea.io/assets/0x67cbbb366a51fff9ad869d027e496ba49f5f6d55/110750531
147,ETH,https://lh3.googleusercontent.com/qwj50akR0coEab_Rw36glLRbkwtTLhElqyYFp54W_HGwkjup9RmTz7yKdoo82L9v3uEej0app4-pPdMgf40JbhE,Minerva #110800506,0.048,https://opensea.io/assets/0x67cbbb366a51fff9ad869d027e496ba49f5f6d55/110800506
148,ETH,https://lh3.googleusercontent.com/qwj50akR0coEab_Rw36glLRbkwtTLhElqyYFp54W_HGwkjup9RmTz7yKdoo82L9v3uEej0app4-pPdMgf40JbhE,Minerva #110800502,0.08,https://opensea.io/assets/0x67cbbb366a51fff9ad869d027e496ba49f5f6d55/110800502
149,ETH,https://lh3.googleusercontent.com/qwj50akR0coEab_Rw36glLRbkwtTLhElqyYFp54W_HGwkjup9RmTz7yKdoo82L9v3uEej0app4-pPdMgf40JbhE,Minerva #110800489,0.044,https://opensea.io/assets/0x67cbbb366a51fff9ad869d027e496ba49f5f6d55/110800489
150,ETH,https://lh3.googleusercontent.com/qwj50akR0coEab_Rw36glLRbkwtTLhElqyYFp54W_HGwkjup9RmTz7yKdoo82L9v3uEej0app4-pPdMgf40JbhE,Minerva #110800487,0.07,https://opensea.io/assets/0x67cbbb366a51fff9ad869d027e496ba49f5f6d55/110800487
151,ETH,https://lh3.googleusercontent.com/BS4d83lz3Jr6IBxZiMWT7C5L1DeymZYtsFc1sUWVwd3HsmQsfl9wVyNe3tNzXeKPxXpx2XSp5asTnJDPsMYv9qI,Vampire Road #110900523,0.095,https://opensea.io/assets/0x67cbbb366a51fff9ad869d027e496ba49f5f6d55/110900523
152,ETH,https://lh3.googleusercontent.com/02kUhDg1EqYQSaH-5jsy5jDg9aKFXWWvU0s4yXjZT0AtEraXcsoEh6hLOlpzGy1NjuQv_g4jjVOC8fxaQKKlWQYQ,Moshobo #110750475,0.16,https://opensea.io/assets/0x67cbbb366a51fff9ad869d027e496ba49f5f6d55/110750475
153,ETH,https://lh3.googleusercontent.com/qwj50akR0coEab_Rw36glLRbkwtTLhElqyYFp54W_HGwkjup9RmTz7yKdoo82L9v3uEej0app4-pPdMgf40JbhE,Minerva #110800466,0.17,https://opensea.io/assets/0x67cbbb366a51fff9ad869d027e496ba49f5f6d55/110800466
154,ETH,https://lh3.googleusercontent.com/02kUhDg1EqYQSaH-5jsy5jDg9aKFXWWvU0s4yXjZT0AtEraXcsoEh6hLOlpzGy1NjuQv_g4jjVOC8fxaQKKlWQYQ,Moshobo #110750474,0.15,https://opensea.io/assets/0x67cbbb366a51fff9ad869d027e496ba49f5f6d55/110750474
155,ETH,https://lh3.googleusercontent.com/qwj50akR0coEab_Rw36glLRbkwtTLhElqyYFp54W_HGwkjup9RmTz7yKdoo82L9v3uEej0app4-pPdMgf40JbhE,Minerva #110800465,0.29,https://opensea.io/assets/0x67cbbb366a51fff9ad869d027e496ba49f5f6d55/110800465
156,ETH,https://lh3.googleusercontent.com/BS4d83lz3Jr6IBxZiMWT7C5L1DeymZYtsFc1sUWVwd3HsmQsfl9wVyNe3tNzXeKPxXpx2XSp5asTnJDPsMYv9qI,Vampire Road #110900506,0.29,https://opensea.io/assets/0x67cbbb366a51fff9ad869d027e496ba49f5f6d55/110900506
157,ETH,https://lh3.googleusercontent.com/qwj50akR0coEab_Rw36glLRbkwtTLhElqyYFp54W_HGwkjup9RmTz7yKdoo82L9v3uEej0app4-pPdMgf40JbhE,Minerva #110800464,0.05,https://opensea.io/assets/0x67cbbb366a51fff9ad869d027e496ba49f5f6d55/110800464
158,ETH,https://lh3.googleusercontent.com/BS4d83lz3Jr6IBxZiMWT7C5L1DeymZYtsFc1sUWVwd3HsmQsfl9wVyNe3tNzXeKPxXpx2XSp5asTnJDPsMYv9qI,Vampire Road #110900493,0.06,https://opensea.io/assets/0x67cbbb366a51fff9ad869d027e496ba49f5f6d55/110900493
159,ETH,https://lh3.googleusercontent.com/02kUhDg1EqYQSaH-5jsy5jDg9aKFXWWvU0s4yXjZT0AtEraXcsoEh6hLOlpzGy1NjuQv_g4jjVOC8fxaQKKlWQYQ,Moshobo #110750447,0.05,https://opensea.io/assets/0x67cbbb366a51fff9ad869d027e496ba49f5f6d55/110750447
160,ETH,https://lh3.googleusercontent.com/02kUhDg1EqYQSaH-5jsy5jDg9aKFXWWvU0s4yXjZT0AtEraXcsoEh6hLOlpzGy1NjuQv_g4jjVOC8fxaQKKlWQYQ,Moshobo #110750437,0.499,https://opensea.io/assets/0x67cbbb366a51fff9ad869d027e496ba49f5f6d55/110750437
161,ETH,https://lh3.googleusercontent.com/qwj50akR0coEab_Rw36glLRbkwtTLhElqyYFp54W_HGwkjup9RmTz7yKdoo82L9v3uEej0app4-pPdMgf40JbhE,Minerva #110800435,0.045,https://opensea.io/assets/0x67cbbb366a51fff9ad869d027e496ba49f5f6d55/110800435
162,ETH,https://lh3.googleusercontent.com/DIvPHTw94HC4R7NihlHINPBYwuE2NjDgWgDRJaYKV2IrXqj5Ch0D0BAsVFEzE-caIIHAAi7HnrhDlmyQGoZuaFgp,Moshobo #110750430,0.03,https://opensea.io/assets/0x67cbbb366a51fff9ad869d027e496ba49f5f6d55/110750430
163,ETH,https://lh3.googleusercontent.com/BS4d83lz3Jr6IBxZiMWT7C5L1DeymZYtsFc1sUWVwd3HsmQsfl9wVyNe3tNzXeKPxXpx2XSp5asTnJDPsMYv9qI,Vampire Road #110900451,0.048,https://opensea.io/assets/0x67cbbb366a51fff9ad869d027e496ba49f5f6d55/110900451
164,ETH,https://lh3.googleusercontent.com/BS4d83lz3Jr6IBxZiMWT7C5L1DeymZYtsFc1sUWVwd3HsmQsfl9wVyNe3tNzXeKPxXpx2XSp5asTnJDPsMYv9qI,Vampire Road #110900442,0.095,https://opensea.io/assets/0x67cbbb366a51fff9ad869d027e496ba49f5f6d55/110900442
165,ETH,https://lh3.googleusercontent.com/qwj50akR0coEab_Rw36glLRbkwtTLhElqyYFp54W_HGwkjup9RmTz7yKdoo82L9v3uEej0app4-pPdMgf40JbhE,Minerva #110800399,0.3,https://opensea.io/assets/0x67cbbb366a51fff9ad869d027e496ba49f5f6d55/110800399
166,ETH,https://lh3.googleusercontent.com/02kUhDg1EqYQSaH-5jsy5jDg9aKFXWWvU0s4yXjZT0AtEraXcsoEh6hLOlpzGy1NjuQv_g4jjVOC8fxaQKKlWQYQ,Moshobo #110750388,0.09,https://opensea.io/assets/0x67cbbb366a51fff9ad869d027e496ba49f5f6d55/110750388
167,ETH,https://lh3.googleusercontent.com/qwj50akR0coEab_Rw36glLRbkwtTLhElqyYFp54W_HGwkjup9RmTz7yKdoo82L9v3uEej0app4-pPdMgf40JbhE,Minerva #110800375,0.05,https://opensea.io/assets/0x67cbbb366a51fff9ad869d027e496ba49f5f6d55/110800375
168,ETH,https://lh3.googleusercontent.com/02kUhDg1EqYQSaH-5jsy5jDg9aKFXWWvU0s4yXjZT0AtEraXcsoEh6hLOlpzGy1NjuQv_g4jjVOC8fxaQKKlWQYQ,Moshobo #110750368,0.05,https://opensea.io/assets/0x67cbbb366a51fff9ad869d027e496ba49f5f6d55/110750368
169,ETH,https://lh3.googleusercontent.com/DIvPHTw94HC4R7NihlHINPBYwuE2NjDgWgDRJaYKV2IrXqj5Ch0D0BAsVFEzE-caIIHAAi7HnrhDlmyQGoZuaFgp,Moshobo #110750356,0.051,https://opensea.io/assets/0x67cbbb366a51fff9ad869d027e496ba49f5f6d55/110750356
170,ETH,https://lh3.googleusercontent.com/qwj50akR0coEab_Rw36glLRbkwtTLhElqyYFp54W_HGwkjup9RmTz7yKdoo82L9v3uEej0app4-pPdMgf40JbhE,Minerva #110800358,0.07,https://opensea.io/assets/0x67cbbb366a51fff9ad869d027e496ba49f5f6d55/110800358
171,ETH,https://lh3.googleusercontent.com/tJ8AoAs2SN7pzdR-sBml0kiOpMzvrIKeq9nBygnnQiVR3RaEB5B4Wun5qaKB_n8NcTh7x56XD6vlC_IXRSBYdqc,Nyarlathotep #110950016,7.5,https://opensea.io/assets/0x67cbbb366a51fff9ad869d027e496ba49f5f6d55/110950016
172,ETH,https://lh3.googleusercontent.com/BS4d83lz3Jr6IBxZiMWT7C5L1DeymZYtsFc1sUWVwd3HsmQsfl9wVyNe3tNzXeKPxXpx2XSp5asTnJDPsMYv9qI,Vampire Road #110900377,0.07,https://opensea.io/assets/0x67cbbb366a51fff9ad869d027e496ba49f5f6d55/110900377
173,ETH,https://lh3.googleusercontent.com/BS4d83lz3Jr6IBxZiMWT7C5L1DeymZYtsFc1sUWVwd3HsmQsfl9wVyNe3tNzXeKPxXpx2XSp5asTnJDPsMYv9qI,Vampire Road #110900374,0.07,https://opensea.io/assets/0x67cbbb366a51fff9ad869d027e496ba49f5f6d55/110900374
174,ETH,https://lh3.googleusercontent.com/qwj50akR0coEab_Rw36glLRbkwtTLhElqyYFp54W_HGwkjup9RmTz7yKdoo82L9v3uEej0app4-pPdMgf40JbhE,Minerva #110800339,0.06,https://opensea.io/assets/0x67cbbb366a51fff9ad869d027e496ba49f5f6d55/110800339
175,ETH,https://lh3.googleusercontent.com/02kUhDg1EqYQSaH-5jsy5jDg9aKFXWWvU0s4yXjZT0AtEraXcsoEh6hLOlpzGy1NjuQv_g4jjVOC8fxaQKKlWQYQ,Moshobo #110750313,0.05,https://opensea.io/assets/0x67cbbb366a51fff9ad869d027e496ba49f5f6d55/110750313
176,ETH,https://lh3.googleusercontent.com/2RIy85MFfnJwgfftd39lBEyuV-eJUNGy0_0UEmPGhCQHm4FFbwzyyQsv4J3ES0obVYtdbQeccQTOEU4Q0UqGJiFMHQ,Vampire Road #110900366,0.065,https://opensea.io/assets/0x67cbbb366a51fff9ad869d027e496ba49f5f6d55/110900366
177,ETH,https://lh3.googleusercontent.com/qwj50akR0coEab_Rw36glLRbkwtTLhElqyYFp54W_HGwkjup9RmTz7yKdoo82L9v3uEej0app4-pPdMgf40JbhE,Minerva #110800324,0.04,https://opensea.io/assets/0x67cbbb366a51fff9ad869d027e496ba49f5f6d55/110800324
178,ETH,https://lh3.googleusercontent.com/qwj50akR0coEab_Rw36glLRbkwtTLhElqyYFp54W_HGwkjup9RmTz7yKdoo82L9v3uEej0app4-pPdMgf40JbhE,Minerva #110800311,0.05,https://opensea.io/assets/0x67cbbb366a51fff9ad869d027e496ba49f5f6d55/110800311
179,ETH,https://lh3.googleusercontent.com/2RIy85MFfnJwgfftd39lBEyuV-eJUNGy0_0UEmPGhCQHm4FFbwzyyQsv4J3ES0obVYtdbQeccQTOEU4Q0UqGJiFMHQ,Vampire Road #110900348,0.04,https://opensea.io/assets/0x67cbbb366a51fff9ad869d027e496ba49f5f6d55/110900348
180,ETH,https://lh3.googleusercontent.com/02kUhDg1EqYQSaH-5jsy5jDg9aKFXWWvU0s4yXjZT0AtEraXcsoEh6hLOlpzGy1NjuQv_g4jjVOC8fxaQKKlWQYQ,Moshobo #110750280,0.05,https://opensea.io/assets/0x67cbbb366a51fff9ad869d027e496ba49f5f6d55/110750280
181,ETH,https://lh3.googleusercontent.com/02kUhDg1EqYQSaH-5jsy5jDg9aKFXWWvU0s4yXjZT0AtEraXcsoEh6hLOlpzGy1NjuQv_g4jjVOC8fxaQKKlWQYQ,Moshobo #110750279,0.1,https://opensea.io/assets/0x67cbbb366a51fff9ad869d027e496ba49f5f6d55/110750279
182,ETH,https://lh3.googleusercontent.com/02kUhDg1EqYQSaH-5jsy5jDg9aKFXWWvU0s4yXjZT0AtEraXcsoEh6hLOlpzGy1NjuQv_g4jjVOC8fxaQKKlWQYQ,Moshobo #110750259,0.1,https://opensea.io/assets/0x67cbbb366a51fff9ad869d027e496ba49f5f6d55/110750259
183,ETH,https://lh3.googleusercontent.com/qwj50akR0coEab_Rw36glLRbkwtTLhElqyYFp54W_HGwkjup9RmTz7yKdoo82L9v3uEej0app4-pPdMgf40JbhE,Minerva #110800290,0.19,https://opensea.io/assets/0x67cbbb366a51fff9ad869d027e496ba49f5f6d55/110800290
184,ETH,https://lh3.googleusercontent.com/02kUhDg1EqYQSaH-5jsy5jDg9aKFXWWvU0s4yXjZT0AtEraXcsoEh6hLOlpzGy1NjuQv_g4jjVOC8fxaQKKlWQYQ,Moshobo #110750255,0.17,https://opensea.io/assets/0x67cbbb366a51fff9ad869d027e496ba49f5f6d55/110750255
185,ETH,https://lh3.googleusercontent.com/qwj50akR0coEab_Rw36glLRbkwtTLhElqyYFp54W_HGwkjup9RmTz7yKdoo82L9v3uEej0app4-pPdMgf40JbhE,Minerva #110800289,0.17,https://opensea.io/assets/0x67cbbb366a51fff9ad869d027e496ba49f5f6d55/110800289
186,ETH,https://lh3.googleusercontent.com/02kUhDg1EqYQSaH-5jsy5jDg9aKFXWWvU0s4yXjZT0AtEraXcsoEh6hLOlpzGy1NjuQv_g4jjVOC8fxaQKKlWQYQ,Moshobo #110750252,0.18,https://opensea.io/assets/0x67cbbb366a51fff9ad869d027e496ba49f5f6d55/110750252
187,ETH,https://lh3.googleusercontent.com/BS4d83lz3Jr6IBxZiMWT7C5L1DeymZYtsFc1sUWVwd3HsmQsfl9wVyNe3tNzXeKPxXpx2XSp5asTnJDPsMYv9qI,Vampire Road #110900270,0.3,https://opensea.io/assets/0x67cbbb366a51fff9ad869d027e496ba49f5f6d55/110900270
188,ETH,https://lh3.googleusercontent.com/BS4d83lz3Jr6IBxZiMWT7C5L1DeymZYtsFc1sUWVwd3HsmQsfl9wVyNe3tNzXeKPxXpx2XSp5asTnJDPsMYv9qI,Vampire Road #110900268,0.09,https://opensea.io/assets/0x67cbbb366a51fff9ad869d027e496ba49f5f6d55/110900268
189,ETH,https://lh3.googleusercontent.com/2RIy85MFfnJwgfftd39lBEyuV-eJUNGy0_0UEmPGhCQHm4FFbwzyyQsv4J3ES0obVYtdbQeccQTOEU4Q0UqGJiFMHQ,Vampire Road #110900261,0.3,https://opensea.io/assets/0x67cbbb366a51fff9ad869d027e496ba49f5f6d55/110900261
190,ETH,https://lh3.googleusercontent.com/qwj50akR0coEab_Rw36glLRbkwtTLhElqyYFp54W_HGwkjup9RmTz7yKdoo82L9v3uEej0app4-pPdMgf40JbhE,Minerva #110800215,0.06,https://opensea.io/assets/0x67cbbb366a51fff9ad869d027e496ba49f5f6d55/110800215
191,ETH,https://lh3.googleusercontent.com/BS4d83lz3Jr6IBxZiMWT7C5L1DeymZYtsFc1sUWVwd3HsmQsfl9wVyNe3tNzXeKPxXpx2XSp5asTnJDPsMYv9qI,Vampire Road #110900243,0.14,https://opensea.io/assets/0x67cbbb366a51fff9ad869d027e496ba49f5f6d55/110900243
192,ETH,https://lh3.googleusercontent.com/qwj50akR0coEab_Rw36glLRbkwtTLhElqyYFp54W_HGwkjup9RmTz7yKdoo82L9v3uEej0app4-pPdMgf40JbhE,Minerva #110800206,0.07,https://opensea.io/assets/0x67cbbb366a51fff9ad869d027e496ba49f5f6d55/110800206
193,ETH,https://lh3.googleusercontent.com/qwj50akR0coEab_Rw36glLRbkwtTLhElqyYFp54W_HGwkjup9RmTz7yKdoo82L9v3uEej0app4-pPdMgf40JbhE,Minerva #110800201,0.05,https://opensea.io/assets/0x67cbbb366a51fff9ad869d027e496ba49f5f6d55/110800201
194,ETH,https://lh3.googleusercontent.com/qwj50akR0coEab_Rw36glLRbkwtTLhElqyYFp54W_HGwkjup9RmTz7yKdoo82L9v3uEej0app4-pPdMgf40JbhE,Minerva #110800198,0.05,https://opensea.io/assets/0x67cbbb366a51fff9ad869d027e496ba49f5f6d55/110800198
195,ETH,https://lh3.googleusercontent.com/BS4d83lz3Jr6IBxZiMWT7C5L1DeymZYtsFc1sUWVwd3HsmQsfl9wVyNe3tNzXeKPxXpx2XSp5asTnJDPsMYv9qI,Vampire Road #110900233,3.5,https://opensea.io/assets/0x67cbbb366a51fff9ad869d027e496ba49f5f6d55/110900233
196,ETH,https://lh3.googleusercontent.com/02kUhDg1EqYQSaH-5jsy5jDg9aKFXWWvU0s4yXjZT0AtEraXcsoEh6hLOlpzGy1NjuQv_g4jjVOC8fxaQKKlWQYQ,Moshobo #110750174,0.09,https://opensea.io/assets/0x67cbbb366a51fff9ad869d027e496ba49f5f6d55/110750174
197,ETH,https://lh3.googleusercontent.com/DIvPHTw94HC4R7NihlHINPBYwuE2NjDgWgDRJaYKV2IrXqj5Ch0D0BAsVFEzE-caIIHAAi7HnrhDlmyQGoZuaFgp,Moshobo #110750169,0.0273,https://opensea.io/assets/0x67cbbb366a51fff9ad869d027e496ba49f5f6d55/110750169
198,ETH,https://lh3.googleusercontent.com/BS4d83lz3Jr6IBxZiMWT7C5L1DeymZYtsFc1sUWVwd3HsmQsfl9wVyNe3tNzXeKPxXpx2XSp5asTnJDPsMYv9qI,Vampire Road #110900201,0.05,https://opensea.io/assets/0x67cbbb366a51fff9ad869d027e496ba49f5f6d55/110900201
199,ETH,https://storage.opensea.io/files/8dd541642c2e9b0d968d68364099a410.png,Minerva #110800129,0.02,https://opensea.io/assets/0x67cbbb366a51fff9ad869d027e496ba49f5f6d55/110800129
200,ETH,https://lh3.googleusercontent.com/DIvPHTw94HC4R7NihlHINPBYwuE2NjDgWgDRJaYKV2IrXqj5Ch0D0BAsVFEzE-caIIHAAi7HnrhDlmyQGoZuaFgp,Moshobo #110750109,0.03,https://opensea.io/assets/0x67cbbb366a51fff9ad869d027e496ba49f5f6d55/110750109
201,ETH,https://lh3.googleusercontent.com/qwj50akR0coEab_Rw36glLRbkwtTLhElqyYFp54W_HGwkjup9RmTz7yKdoo82L9v3uEej0app4-pPdMgf40JbhE,Minerva #110800116,0.36,https://opensea.io/assets/0x67cbbb366a51fff9ad869d027e496ba49f5f6d55/110800116
202,ETH,https://lh3.googleusercontent.com/BS4d83lz3Jr6IBxZiMWT7C5L1DeymZYtsFc1sUWVwd3HsmQsfl9wVyNe3tNzXeKPxXpx2XSp5asTnJDPsMYv9qI,Vampire Road #110900097,0.09,https://opensea.io/assets/0x67cbbb366a51fff9ad869d027e496ba49f5f6d55/110900097
203,ETH,https://lh3.googleusercontent.com/BS4d83lz3Jr6IBxZiMWT7C5L1DeymZYtsFc1sUWVwd3HsmQsfl9wVyNe3tNzXeKPxXpx2XSp5asTnJDPsMYv9qI,Vampire Road #110900096,0.07,https://opensea.io/assets/0x67cbbb366a51fff9ad869d027e496ba49f5f6d55/110900096
204,ETH,https://lh3.googleusercontent.com/VICCLvm0GNbW7e9YLnkHDnOAuld7LjtkolEF5ZsHucH7hLbOJvZrE94AxG9aaUlCxd163Ax0_KdeM-Z7uU7yd2I,Minerva #110800073,0.03,https://opensea.io/assets/0x67cbbb366a51fff9ad869d027e496ba49f5f6d55/110800073
205,ETH,https://lh3.googleusercontent.com/DIvPHTw94HC4R7NihlHINPBYwuE2NjDgWgDRJaYKV2IrXqj5Ch0D0BAsVFEzE-caIIHAAi7HnrhDlmyQGoZuaFgp,Moshobo #110750055,0.1,https://opensea.io/assets/0x67cbbb366a51fff9ad869d027e496ba49f5f6d55/110750055
206,ETH,https://lh3.googleusercontent.com/02kUhDg1EqYQSaH-5jsy5jDg9aKFXWWvU0s4yXjZT0AtEraXcsoEh6hLOlpzGy1NjuQv_g4jjVOC8fxaQKKlWQYQ,Moshobo #110750041,0.1,https://opensea.io/assets/0x67cbbb366a51fff9ad869d027e496ba49f5f6d55/110750041
207,ETH,https://lh3.googleusercontent.com/02kUhDg1EqYQSaH-5jsy5jDg9aKFXWWvU0s4yXjZT0AtEraXcsoEh6hLOlpzGy1NjuQv_g4jjVOC8fxaQKKlWQYQ,Moshobo #110750038,0.095,https://opensea.io/assets/0x67cbbb366a51fff9ad869d027e496ba49f5f6d55/110750038
208,ETH,https://lh3.googleusercontent.com/qwj50akR0coEab_Rw36glLRbkwtTLhElqyYFp54W_HGwkjup9RmTz7yKdoo82L9v3uEej0app4-pPdMgf40JbhE,Minerva #110800047,0.1,https://opensea.io/assets/0x67cbbb366a51fff9ad869d027e496ba49f5f6d55/110800047
209,ETH,https://lh3.googleusercontent.com/BS4d83lz3Jr6IBxZiMWT7C5L1DeymZYtsFc1sUWVwd3HsmQsfl9wVyNe3tNzXeKPxXpx2XSp5asTnJDPsMYv9qI,Vampire Road #110900022,0.065,https://opensea.io/assets/0x67cbbb366a51fff9ad869d027e496ba49f5f6d55/110900022
210,ETH,https://lh3.googleusercontent.com/_kqxNhexL7mMu5-SFz03kLtwfPCbCP1fYNVOA-k4x9YeMljNkd9ZSlFHWu6MSrXnacKKxh71ERlUU6rjj7yQMpCw,Divine Dragon #110650006,3.9,https://opensea.io/assets/0x67cbbb366a51fff9ad869d027e496ba49f5f6d55/110650006
211,ETH,https://lh3.googleusercontent.com/qwj50akR0coEab_Rw36glLRbkwtTLhElqyYFp54W_HGwkjup9RmTz7yKdoo82L9v3uEej0app4-pPdMgf40JbhE,Minerva #110800004,0.15,https://opensea.io/assets/0x67cbbb366a51fff9ad869d027e496ba49f5f6d55/110800004
212,ETH,https://lh3.googleusercontent.com/ArYGSE8-V1jKmRAQkpVqqGeOFoGD0xXqUDj1KuGYUzUCzlJLmgstuhf6jRHSK8nz_xI2aw_t4x9Gzj19i9_JucqI,Red-Eyes Library Witch #110000037,0.5,https://opensea.io/assets/0x67cbbb366a51fff9ad869d027e496ba49f5f6d55/110000037
